2;CZE;Plzeňský;Babylon;;E12.86289;N49.39876;10;
2;CZE;Plzeňský;Bdeněves;;E13.23529;N49.76964;10;
2;CZE;Plzeňský;Běhařov;;E13.16029;N49.34488;10;
2;CZE;Plzeňský;Bělá nad Radbuzou;;E12.71772;N49.59126;10;
2;CZE;Plzeňský;Benešovice;;E12.90180;N49.72696;10;
2;CZE;Plzeňský;Běšiny;;E13.31268;N49.30171;10;
2;CZE;Plzeňský;Bezděkov;;E13.59665;N49.82439;10;
2;CZE;Plzeňský;Bezdružice;;E12.97135;N49.90677;10;
3;CZE;Plzeňský;Bezvěrov;;E13.05911;N49.99512;10;
2;CZE;Plzeňský;Bílov;;E13.42495;N50.01796;10;
2;CZE;Plzeňský;Biřkov;;E13.23026;N49.51816;10;
2;CZE;Plzeňský;Blatnice;;E13.15610;N49.71982;10;
2;CZE;Plzeňský;Blažim;;E13.04772;N49.91602;10;
3;CZE;Plzeňský;Blížejov;;E12.98937;N49.50012;10;
2;CZE;Plzeňský;Blovice;;E13.54020;N49.58230;10;
2;CZE;Plzeňský;Bohy;;E13.57553;N49.93789;10;
2;CZE;Plzeňský;Bolešiny;;E13.36171;N49.41000;10;
2;CZE;Plzeňský;Bolkov;;E13.22397;N49.53368;10;
3;CZE;Plzeňský;Bor;;E12.77528;N49.71171;10;
2;CZE;Plzeňský;Borovno;;E13.69048;N49.62209;10;
2;CZE;Plzeňský;Borovy;;E13.30244;N49.52521;10;
2;CZE;Plzeňský;Břasy;;E13.57844;N49.83711;10;
2;CZE;Plzeňský;Břežany;;E13.61746;N49.34886;10;
2;CZE;Plzeňský;Březina;;E13.59690;N49.80764;10;
2;CZE;Plzeňský;Brnířov;;E13.04969;N49.38270;10;
2;CZE;Plzeňský;Brod nad Tichou;;E12.74120;N49.83540;10;
2;CZE;Plzeňský;Brodeslavy;;E13.55710;N49.95378;10;
2;CZE;Plzeňský;Broumov;;E12.60680;N49.88948;10;
2;CZE;Plzeňský;Bučí;;E13.30288;N49.88528;10;
2;CZE;Plzeňský;Budětice;;E13.58477;N49.28347;10;
2;CZE;Plzeňský;Bujesily;;E13.57449;N49.91468;10;
2;CZE;Plzeňský;Buková;;E13.15886;N49.53749;10;
2;CZE;Plzeňský;Bukovec;;E12.99541;N49.58646;10;
2;CZE;Plzeňský;Bukovník;;E13.66143;N49.22259;10;
2;CZE;Plzeňský;Bušovice;;E13.53477;N49.79563;10;
3;CZE;Plzeňský;Býšensko;;E12.99551;N49.45394;10;
2;CZE;Plzeňský;Čachrov;;E13.30269;N49.26554;10;
2;CZE;Plzeňský;Částkov;;E12.67380;N49.75608;10;
2;CZE;Plzeňský;Cebiv;;E12.97917;N49.82945;10;
2;CZE;Plzeňský;Čečovice;;E13.02185;N49.58517;10;
2;CZE;Plzeňský;Cekov;;E13.76390;N49.82197;10;
2;CZE;Plzeňský;Čeminy;;E13.25322;N49.80007;10;
3;CZE;Plzeňský;Čermná;;E13.11671;N49.53170;10;
3;CZE;Plzeňský;Černíkov;;E13.13013;N49.42278;10;
2;CZE;Plzeňský;Černíkovice;;E13.56701;N49.97555;10;
2;CZE;Plzeňský;Černošín;;E12.88392;N49.81625;10;
3;CZE;Plzeňský;Černovice;;E13.10378;N49.81301;10;
2;CZE;Plzeňský;Červené Poříčí;;E13.29455;N49.50199;10;
2;CZE;Plzeňský;Česká Bříza;;E13.42982;N49.82851;10;
3;CZE;Plzeňský;Česká Kubice;;E12.85890;N49.36949;10;
3;CZE;Plzeňský;Chanovice;;E13.71746;N49.40500;10;
2;CZE;Plzeňský;Cheznovice;;E13.78549;N49.77903;10;
2;CZE;Plzeňský;Chlistov;;E13.36098;N49.32000;10;
2;CZE;Plzeňský;Chlum;;E13.65979;N49.93579;10;
2;CZE;Plzeňský;Chlumčany;;E13.31334;N49.63267;10;
2;CZE;Plzeňský;Chlumy;;E13.63871;N49.43786;10;
3;CZE;Plzeňský;Chocenice;;E13.52015;N49.54765;10;
3;CZE;Plzeňský;Chocomyšl;;E13.13077;N49.46728;10;
3;CZE;Plzeňský;Chodov;;E12.83035;N49.41809;10;
2;CZE;Plzeňský;Chodová Planá;;E12.73025;N49.89332;10;
3;CZE;Plzeňský;Chodská Lhota;;E13.08327;N49.35846;10;
2;CZE;Plzeňský;Chodský Újezd;;E12.65005;N49.86442;10;
2;CZE;Plzeňský;Chomle;;E13.63461;N49.86238;10;
2;CZE;Plzeňský;Chotěšov;;E13.20282;N49.65419;10;
2;CZE;Plzeňský;Chotíkov;;E13.31777;N49.79305;10;
2;CZE;Plzeňský;Chrást;;E13.49369;N49.79330;10;
3;CZE;Plzeňský;Chrastavice;;E12.95692;N49.45366;10;
2;CZE;Plzeňský;Chříč;;E13.64600;N49.97192;10;
3;CZE;Plzeňský;Chudenice;;E13.17397;N49.46679;10;
2;CZE;Plzeňský;Chudenín;;E13.10090;N49.29315;10;
2;CZE;Plzeňský;Chválenice;;E13.47605;N49.64310;10;
2;CZE;Plzeňský;Číhaň;;E13.42589;N49.34251;10;
2;CZE;Plzeňský;Čilá;;E13.74217;N49.96177;10;
2;CZE;Plzeňský;Čímice;;E13.60599;N49.25375;10;
2;CZE;Plzeňský;Čižice;;E13.39799;N49.64804;10;
2;CZE;Plzeňský;Čížkov;;E13.68350;N49.54048;10;
2;CZE;Plzeňský;Čmelíny;;E13.65459;N49.48892;10;
2;CZE;Plzeňský;Ctiboř;;E12.61012;N49.82733;10;
2;CZE;Plzeňský;Dešenice;;E13.17105;N49.27441;10;
2;CZE;Plzeňský;Díly;;E12.78650;N49.44637;10;
2;CZE;Plzeňský;Dlažov;;E13.16645;N49.36586;10;
2;CZE;Plzeňský;Dlouhá Ves;;E13.50936;N49.19638;10;
2;CZE;Plzeňský;Dlouhý Újezd;;E12.62858;N49.76841;10;
2;CZE;Plzeňský;Dnešice;;E13.26465;N49.60493;10;
2;CZE;Plzeňský;Dobřany;;E13.29318;N49.65493;10;
2;CZE;Plzeňský;Dobříč;;E13.46847;N49.88466;10;
2;CZE;Plzeňský;Dobřív;;E13.68692;N49.71576;10;
2;CZE;Plzeňský;Dobršín;;E13.56115;N49.26140;10;
2;CZE;Plzeňský;Dolany;;E13.47247;N49.80792;10;
2;CZE;Plzeňský;Dolce;;E13.39351;N49.55297;10;
2;CZE;Plzeňský;Dolní Bělá;;E13.27337;N49.89626;10;
2;CZE;Plzeňský;Dolní Hradiště;;E13.49632;N49.91384;10;
2;CZE;Plzeňský;Dolní Lukavice;;E13.34434;N49.60203;10;
3;CZE;Plzeňský;Domažlice;;E12.93124;N49.43980;10;
4;CZE;Plzeňský;Domažlice;Břetislavova 88;E12.93343;N49.44055;10;
2;CZE;Plzeňský;Domoraz;;E13.66211;N49.25073;10;
2;CZE;Plzeňský;Drahkov;;E13.47254;N49.55726;10;
2;CZE;Plzeňský;Drahoňův Újezd;;E13.72594;N49.87721;10;
3;CZE;Plzeňský;Drahotín;;E12.75826;N49.52424;10;
2;CZE;Plzeňský;Dražeň;;E13.28798;N49.92695;10;
3;CZE;Plzeňský;Draženov;;E12.87280;N49.45581;10;
2;CZE;Plzeňský;Dražovice;;E13.60711;N49.22478;10;
2;CZE;Plzeňský;Druztová;;E13.44883;N49.79752;10;
2;CZE;Plzeňský;Dýšina;;E13.49161;N49.77746;10;
2;CZE;Plzeňský;Ejpovice;;E13.51437;N49.74619;10;
2;CZE;Plzeňský;Erpužice;;E13.03608;N49.80706;10;
2;CZE;Plzeňský;Frymburk;;E13.70738;N49.24966;10;
2;CZE;Plzeňský;Halže;;E12.57951;N49.83113;10;
2;CZE;Plzeňský;Hamry;;E13.16055;N49.21542;10;
2;CZE;Plzeňský;Hartmanice;;E13.45466;N49.16959;10;
2;CZE;Plzeňský;Hejná;;E13.67480;N49.28948;10;
2;CZE;Plzeňský;Heřmanova Huť;;E13.08928;N49.70912;10;
3;CZE;Plzeňský;Herštejnské Chalupy;;E12.70620;N49.48770;10;
2;CZE;Plzeňský;Hlavňovice;;E13.39516;N49.23795;10;
2;CZE;Plzeňský;Hlince;;E13.62513;N49.94834;10;
2;CZE;Plzeňský;Hlohová;;E13.07468;N49.53414;10;
3;CZE;Plzeňský;Hlohovčice;;E13.11388;N49.52085;10;
2;CZE;Plzeňský;Hlohovice;;E13.64345;N49.88958;10;
2;CZE;Plzeňský;Hnačov;;E13.48178;N49.36193;10;
3;CZE;Plzeňský;Hněvnice;;E13.10324;N49.72861;10;
2;CZE;Plzeňský;Holoubkov;;E13.69257;N49.77609;10;
2;CZE;Plzeňský;Holovousy;;E13.61482;N49.96798;10;
2;CZE;Plzeňský;Holýšov;;E13.10140;N49.59372;10;
3;CZE;Plzeňský;Honezovice;;E13.06266;N49.63832;10;
2;CZE;Plzeňský;Hora Svatého Václava;;E12.73996;N49.51899;10;
2;CZE;Plzeňský;Horažďovice;;E13.70111;N49.32079;10;
3;CZE;Plzeňský;Horní Bělá;;E13.26422;N49.88908;10;
2;CZE;Plzeňský;Horní Bříza;;E13.35569;N49.84023;10;
3;CZE;Plzeňský;Horní Kamenice;;E13.10116;N49.56970;10;
2;CZE;Plzeňský;Horní Kozolupy;;E12.94175;N49.83762;10;
2;CZE;Plzeňský;Horní Lukavice;;E13.32708;N49.61243;10;
2;CZE;Plzeňský;Horšice;;E13.38630;N49.53157;10;
2;CZE;Plzeňský;Horská Kvilda;;E13.55808;N49.05772;10;
3;CZE;Plzeňský;Horšovský Týn;;E12.94453;N49.53029;10;
4;CZE;Plzeňský;Horšovský Týn;U Střelnice 252;E12.95071;N49.52497;10;
2;CZE;Plzeňský;Hošťka;;E12.59757;N49.69631;10;
3;CZE;Plzeňský;Hostouň;;E12.77158;N49.55982;10;
3;CZE;Plzeňský;Hradec;;E13.12148;N49.63516;10;
3;CZE;Plzeňský;Hrádek;;E13.65421;N49.71003;10;
2;CZE;Plzeňský;Hradešice;;E13.59655;N49.32321;10;
2;CZE;Plzeňský;Hradiště;;E13.71774;N49.96312;10;
2;CZE;Plzeňský;Hromnice;;E13.44157;N49.84918;10;
2;CZE;Plzeňský;Hůrky;;E13.68321;N49.74598;10;
2;CZE;Plzeňský;Hvozd;;E13.26323;N49.93984;10;
2;CZE;Plzeňský;Hvožďany;;E12.77139;N49.50568;10;
2;CZE;Plzeňský;Janovice nad Úhlavou;;E13.21824;N49.34526;10;
2;CZE;Plzeňský;Jarov;;E13.47439;N49.87257;10;
2;CZE;Plzeňský;Javor;;E13.24754;N49.32554;10;
2;CZE;Plzeňský;Ježovy;;E13.22850;N49.49116;10;
2;CZE;Plzeňský;Kaceřov;;E13.51277;N49.87071;10;
2;CZE;Plzeňský;Kakejcov;;E13.62429;N49.66704;10;
2;CZE;Plzeňský;Kamenec;;E13.59634;N49.88117;10;
2;CZE;Plzeňský;Kamenný Újezd;;E13.61886;N49.72377;10;
3;CZE;Plzeňský;Kanice;;E13.07281;N49.47512;10;
3;CZE;Plzeňský;Kaničky;;E13.14536;N49.47443;10;
2;CZE;Plzeňský;Kařez;;E13.78172;N49.82436;10;
2;CZE;Plzeňský;Kařízek;;E13.79974;N49.81347;10;
3;CZE;Plzeňský;Kasejovice;;E13.74071;N49.46281;10;
2;CZE;Plzeňský;Kašperské Hory;;E13.55626;N49.14300;10;
3;CZE;Plzeňský;Kaznějov;;E13.38306;N49.89324;10;
2;CZE;Plzeňský;Kbel;;E13.36570;N49.49381;10;
2;CZE;Plzeňský;Kbelany;;E13.12641;N49.73244;10;
3;CZE;Plzeňský;Kdyně;;E13.04064;N49.39035;10;
2;CZE;Plzeňský;Kejnice;;E13.69429;N49.26700;10;
2;CZE;Plzeňský;Klabava;;E13.53938;N49.75355;10;
3;CZE;Plzeňský;Kladruby;;E12.98002;N49.71541;10;
2;CZE;Plzeňský;Klášter;;E13.57678;N49.50201;10;
3;CZE;Plzeňský;Klatovy;;E13.29519;N49.39565;10;
3;CZE;Plzeňský;Klenčí pod Čerchovem;;E12.81484;N49.43495;10;
2;CZE;Plzeňský;Klenová;;E13.23329;N49.33354;10;
2;CZE;Plzeňský;Kočín;;E13.47625;N49.93049;10;
3;CZE;Plzeňský;Kočov;;E12.73671;N49.80877;10;
3;CZE;Plzeňský;Kokašice;;E12.94733;N49.87840;10;
3;CZE;Plzeňský;Kolinec;;E13.43911;N49.29906;10;
3;CZE;Plzeňský;Koloveč;;E13.10888;N49.48689;10;
2;CZE;Plzeňský;Konstantinovy Lázně;;E12.97798;N49.88126;10;
2;CZE;Plzeňský;Kopidlo;;E13.46449;N49.94330;10;
2;CZE;Plzeňský;Kornatice;;E13.59233;N49.65904;10;
2;CZE;Plzeňský;Koryta;;E13.47486;N49.90061;10;
3;CZE;Plzeňský;Kostelec;;E13.02649;N49.67442;10;
2;CZE;Plzeňský;Kotovice;;E13.15459;N49.67211;10;
3;CZE;Plzeňský;Kout na Šumavě;;E13.00219;N49.40266;10;
2;CZE;Plzeňský;Kovčín;;E13.60672;N49.41594;10;
2;CZE;Plzeňský;Kožlany;;E13.54118;N49.99400;10;
2;CZE;Plzeňský;Kozlovice;;E13.58293;N49.46510;10;
2;CZE;Plzeňský;Kozojedy;;E13.54252;N49.93134;10;
3;CZE;Plzeňský;Kozolupy;;E13.25221;N49.76390;10;
3;CZE;Plzeňský;Křakov;;E12.90934;N49.59007;10;
3;CZE;Plzeňský;Kralovice;;E13.48758;N49.98202;10;
2;CZE;Plzeňský;Kramolín;;E13.57706;N49.44618;10;
2;CZE;Plzeňský;Krašovice;;E13.30535;N49.87245;10;
2;CZE;Plzeňský;Křelovice;;E13.07591;N49.87442;10;
2;CZE;Plzeňský;Křenice;;E13.20040;N49.50281;10;
2;CZE;Plzeňský;Křenovy;;E13.02162;N49.53926;10;
2;CZE;Plzeňský;Krsy;;E13.05506;N49.92635;10;
2;CZE;Plzeňský;Kšice;;E12.99737;N49.80252;10;
2;CZE;Plzeňský;Kunějovice;;E13.23702;N49.86207;10;
3;CZE;Plzeňský;Kvášňovice;;E13.64208;N49.41312;10;
3;CZE;Plzeňský;Kvíčovice;;E13.07306;N49.59032;10;
2;CZE;Plzeňský;Kyšice;;E13.48631;N49.75335;10;
2;CZE;Plzeňský;Ledce;;E13.32854;N49.82174;10;
2;CZE;Plzeňský;Lesná;;E12.53778;N49.75429;10;
2;CZE;Plzeňský;Lestkov;;E12.87112;N49.88316;10;
3;CZE;Plzeňský;Letiny;;E13.45539;N49.54000;10;
2;CZE;Plzeňský;Letkov;;E13.46509;N49.73054;10;
2;CZE;Plzeňský;Lhota pod Radčem;;E13.71082;N49.82746;10;
2;CZE;Plzeňský;Lhotka u Radnic;;E13.58172;N49.89004;10;
2;CZE;Plzeňský;Lhůta;;E13.52891;N49.70137;10;
2;CZE;Plzeňský;Libkov;;E13.13447;N49.36630;10;
2;CZE;Plzeňský;Liblín;;E13.54435;N49.91692;10;
2;CZE;Plzeňský;Líně;;E13.25704;N49.69483;10;
2;CZE;Plzeňský;Líšina;;E13.16482;N49.60360;10;
2;CZE;Plzeňský;Líšná;;E13.80652;N49.88511;10;
2;CZE;Plzeňský;Lisov;;E13.10097;N49.63864;10;
2;CZE;Plzeňský;Líšťany;;E13.18121;N49.83118;10;
2;CZE;Plzeňský;Líté;;E13.26085;N49.91375;10;
2;CZE;Plzeňský;Litohlavy;;E13.56469;N49.76654;10;
2;CZE;Plzeňský;Lochousice;;E13.09056;N49.67520;10;
2;CZE;Plzeňský;Lom u Tachova;;E12.69270;N49.81877;10;
2;CZE;Plzeňský;Lomec;;E13.26763;N49.37150;10;
2;CZE;Plzeňský;Losiná;;E13.44844;N49.66930;10;
2;CZE;Plzeňský;Loučim;;E13.11222;N49.36717;10;
2;CZE;Plzeňský;Louňová;;E13.60802;N49.56229;10;
2;CZE;Plzeňský;Loza;;E13.29047;N49.89391;10;
2;CZE;Plzeňský;Lužany;;E13.31585;N49.54675;10;
3;CZE;Plzeňský;Luženičky;;E12.89768;N49.45891;10;
3;CZE;Plzeňský;Malý Bor;;E13.65236;N49.33062;10;
2;CZE;Plzeňský;Manětín;;E13.23330;N49.99188;10;
2;CZE;Plzeňský;Maňovice;;E13.65394;N49.39306;10;
3;CZE;Plzeňský;Měcholupy;;E13.53276;N49.51959;10;
3;CZE;Plzeňský;Měčín;;E13.40299;N49.48020;10;
3;CZE;Plzeňský;Meclov;;E12.88093;N49.50568;10;
2;CZE;Plzeňský;Medový Újezd;;E13.71918;N49.77395;10;
3;CZE;Plzeňský;Merklín;;E13.19801;N49.56054;10;
2;CZE;Plzeňský;Mešno;;E13.62205;N49.65592;10;
3;CZE;Plzeňský;Město Touškov;;E13.25119;N49.77598;10;
3;CZE;Plzeňský;Mezholezy;;E12.90512;N49.62487;10;
2;CZE;Plzeňský;Mezihoří;;E13.25467;N49.48851;10;
3;CZE;Plzeňský;Milavče;;E12.98083;N49.46707;10;
2;CZE;Plzeňský;Mileč;;E13.60501;N49.46923;10;
2;CZE;Plzeňský;Milínov;;E13.56605;N49.64317;10;
2;CZE;Plzeňský;Milíře;;E12.55078;N49.79641;10;
3;CZE;Plzeňský;Mířkov;;E12.88161;N49.58926;10;
2;CZE;Plzeňský;Mirošov;;E13.65817;N49.68793;10;
2;CZE;Plzeňský;Míšov;;E13.72585;N49.62266;10;
2;CZE;Plzeňský;Mladotice;;E13.36450;N49.98535;10;
2;CZE;Plzeňský;Mladý Smolivec;;E13.73539;N49.50641;10;
2;CZE;Plzeňský;Mlečice;;E13.69608;N49.92040;10;
2;CZE;Plzeňský;Mlýnské Struhadlo;;E13.46957;N49.43215;10;
3;CZE;Plzeňský;Mnichov;;E12.76453;N49.49683;10;
3;CZE;Plzeňský;Močerady;;E13.07355;N49.51808;10;
3;CZE;Plzeňský;Mochtín;;E13.35700;N49.36048;10;
2;CZE;Plzeňský;Modrava;;E13.49942;N49.02417;10;
2;CZE;Plzeňský;Mohelnice;;E13.64180;N49.48089;10;
2;CZE;Plzeňský;Mokrosuky;;E13.45490;N49.27546;10;
2;CZE;Plzeňský;Mokrouše;;E13.52466;N49.71516;10;
3;CZE;Plzeňský;Mrákov;;E12.95131;N49.40325;10;
2;CZE;Plzeňský;Mrtník;;E13.31231;N49.89554;10;
2;CZE;Plzeňský;Mutěnín;;E12.74467;N49.54486;10;
2;CZE;Plzeňský;Myslinka;;E13.21914;N49.74813;10;
2;CZE;Plzeňský;Myslív;;E13.57253;N49.41431;10;
2;CZE;Plzeňský;Myslovice;;E13.38715;N49.40690;10;
2;CZE;Plzeňský;Mýto;;E13.73472;N49.78915;10;
2;CZE;Plzeňský;Nadryby;;E13.52457;N49.82080;10;
2;CZE;Plzeňský;Nalžovské Hory;;E13.54656;N49.33149;10;
2;CZE;Plzeňský;Nebílovy;;E13.42925;N49.63020;10;
2;CZE;Plzeňský;Nečtiny;;E13.16474;N49.97494;10;
2;CZE;Plzeňský;Nehodiv;;E13.55646;N49.41086;10;
2;CZE;Plzeňský;Nekmíř;;E13.26325;N49.85819;10;
3;CZE;Plzeňský;Nekvasovy;;E13.62585;N49.43466;10;
2;CZE;Plzeňský;Nemanice;;E12.72064;N49.43666;10;
3;CZE;Plzeňský;Němčice;;E13.07761;N49.42518;10;
2;CZE;Plzeňský;Němčovice;;E13.57499;N49.87704;10;
2;CZE;Plzeňský;Nepomuk;;E13.58236;N49.48627;10;
2;CZE;Plzeňský;Netunice;;E13.43069;N49.61647;10;
2;CZE;Plzeňský;Neuměř;;E13.06425;N49.59769;10;
3;CZE;Plzeňský;Neurazy;;E13.51568;N49.44110;10;
2;CZE;Plzeňský;Nevid;;E13.60574;N49.68556;10;
3;CZE;Plzeňský;Nevolice;;E12.93334;N49.42051;10;
2;CZE;Plzeňský;Nevřeň;;E13.27498;N49.82294;10;
2;CZE;Plzeňský;Nezamyslice;;E13.67503;N49.26251;10;
2;CZE;Plzeňský;Nezbavětice;;E13.47717;N49.65502;10;
3;CZE;Plzeňský;Nezdice;;E13.31668;N49.53165;10;
2;CZE;Plzeňský;Nezdice na Šumavě;;E13.61238;N49.17267;10;
2;CZE;Plzeňský;Nezdřev;;E13.72816;N49.42668;10;
2;CZE;Plzeňský;Nezvěstice;;E13.51973;N49.64053;10;
2;CZE;Plzeňský;Nová Ves;;E13.29279;N49.68607;10;
2;CZE;Plzeňský;Nové Mitrovice;;E13.68374;N49.57968;10;
2;CZE;Plzeňský;Nový Kramolín;;E12.80509;N49.47738;10;
3;CZE;Plzeňský;Nýřany;;E13.20471;N49.71282;10;
3;CZE;Plzeňský;Nýrsko;;E13.14364;N49.29398;10;
2;CZE;Plzeňský;Obora;;E12.53780;N49.81471;10;
2;CZE;Plzeňský;Obytce;;E13.37844;N49.39051;10;
2;CZE;Plzeňský;Olbramov;;E12.86688;N49.84350;10;
2;CZE;Plzeňský;Olšany;;E13.62703;N49.40093;10;
2;CZE;Plzeňský;Oplot;;E13.27434;N49.57996;10;
2;CZE;Plzeňský;Osek;;E13.59104;N49.77811;10;
2;CZE;Plzeňský;Oselce;;E13.67293;N49.43731;10;
2;CZE;Plzeňský;Ošelín;;E12.85626;N49.77211;10;
2;CZE;Plzeňský;Ostřetice;;E13.34700;N49.42244;10;
2;CZE;Plzeňský;Ostrov u Bezdružic;;E13.04208;N49.90024;10;
2;CZE;Plzeňský;Ostrovec-Lhotka;;E13.72820;N49.90758;10;
3;CZE;Plzeňský;Osvračín;;E13.04703;N49.51327;10;
2;CZE;Plzeňský;Otěšice;;E13.22035;N49.54414;10;
3;CZE;Plzeňský;Otov;;E12.84260;N49.48660;10;
2;CZE;Plzeňský;Pačejov;;E13.63284;N49.37301;10;
2;CZE;Plzeňský;Pařezov;;E12.83793;N49.47048;10;
3;CZE;Plzeňský;Pasečnice;;E12.89352;N49.39546;10;
2;CZE;Plzeňský;Pastuchovice;;E13.38232;N50.06909;10;
3;CZE;Plzeňský;Pec;;E12.83129;N49.39868;10;
3;CZE;Plzeňský;Pelechy;;E12.91438;N49.38923;10;
2;CZE;Plzeňský;Pernarec;;E13.10282;N49.84051;10;
2;CZE;Plzeňský;Petrovice u Sušice;;E13.44090;N49.21876;10;
2;CZE;Plzeňský;Planá;;E12.74390;N49.86827;10;
2;CZE;Plzeňský;Pláně;;E13.38971;N49.93380;10;
2;CZE;Plzeňský;Plánice;;E13.47117;N49.39004;10;
2;CZE;Plzeňský;Plasy;;E13.39047;N49.93460;10;
2;CZE;Plzeňský;Plešnice;;E13.17685;N49.77408;10;
2;CZE;Plzeňský;Plískov;;E13.73992;N49.84274;10;
3;CZE;Plzeňský;Plzeň;;E13.37374;N49.73853;10;
2;CZE;Plzeňský;Pňovany;;E13.12186;N49.77899;10;
3;CZE;Plzeňský;Poběžovice;;E12.80272;N49.51041;10;
3;CZE;Plzeňský;Pocinovice;;E13.13360;N49.34352;10;
2;CZE;Plzeňský;Poděvousy;;E13.13121;N49.52762;10;
3;CZE;Plzeňský;Podmokly;;E13.70448;N49.94334;10;
2;CZE;Plzeňský;Polánka;;E13.55564;N49.43580;10;
3;CZE;Plzeňský;Poleň;;E13.17685;N49.42508;10;
3;CZE;Plzeňský;Postřekov;;E12.80689;N49.45839;10;
3;CZE;Plzeňský;Potvorov;;E13.39946;N50.01611;10;
3;CZE;Plzeňský;Prádlo;;E13.54155;N49.50355;10;
2;CZE;Plzeňský;Prášily;;E13.37805;N49.10524;10;
2;CZE;Plzeňský;Předenice;;E13.39667;N49.62450;10;
2;CZE;Plzeňský;Předslav;;E13.35449;N49.44758;10;
3;CZE;Plzeňský;Přehýšov;;E13.12696;N49.70274;10;
2;CZE;Plzeňský;Přestavlky;;E13.24448;N49.59986;10;
3;CZE;Plzeňský;Přeštice;;E13.33361;N49.57309;10;
2;CZE;Plzeňský;Příchovice;;E13.33946;N49.56214;10;
2;CZE;Plzeňský;Příkosice;;E13.66356;N49.66838;10;
2;CZE;Plzeňský;Přimda;;E12.67377;N49.67499;10;
2;CZE;Plzeňský;Příšov;;E13.30424;N49.81181;10;
2;CZE;Plzeňský;Přívětice;;E13.61224;N49.83480;10;
3;CZE;Plzeňský;Prostiboř;;E12.89399;N49.65237;10;
2;CZE;Plzeňský;Ptenín;;E13.18506;N49.53161;10;
2;CZE;Plzeňský;Puclice;;E13.01950;N49.55373;10;
2;CZE;Plzeňský;Rabí;;E13.61772;N49.28085;10;
2;CZE;Plzeňský;Radkovice;;E13.36806;N49.54792;10;
2;CZE;Plzeňský;Radnice;;E13.60581;N49.85688;10;
2;CZE;Plzeňský;Raková;;E13.58205;N49.70043;10;
2;CZE;Plzeňský;Rejštejn;;E13.51527;N49.14064;10;
2;CZE;Plzeňský;Řenče;;E13.41460;N49.57997;10;
2;CZE;Plzeňský;Rochlov;;E13.14602;N49.73082;10;
2;CZE;Plzeňský;Rokycany;;E13.59299;N49.73820;10;
2;CZE;Plzeňský;Roupov;;E13.24902;N49.53865;10;
2;CZE;Plzeňský;Rozvadov;;E12.55200;N49.66828;10;
2;CZE;Plzeňský;Rybnice;;E13.37384;N49.90844;10;
2;CZE;Plzeňský;Rybník;;E12.67686;N49.51287;10;
2;CZE;Plzeňský;Sebečice;;E13.69226;N49.86997;10;
2;CZE;Plzeňský;Seč;;E13.50500;N49.58808;10;
2;CZE;Plzeňský;Sedlec;;E13.42729;N50.00638;10;
2;CZE;Plzeňský;Sedliště;;E13.63234;N49.52758;10;
3;CZE;Plzeňský;Semněvice;;E12.92931;N49.59786;10;
2;CZE;Plzeňský;Sirá;;E13.73855;N49.82154;10;
2;CZE;Plzeňský;Skapce;;E12.99045;N49.65707;10;
2;CZE;Plzeňský;Skašov;;E13.43150;N49.51057;10;
2;CZE;Plzeňský;Skomelno;;E13.64226;N49.84747;10;
2;CZE;Plzeňský;Skořice;;E13.70537;N49.67783;10;
2;CZE;Plzeňský;Slatina;;E13.63402;N49.98463;10;
2;CZE;Plzeňský;Smědčice;;E13.51294;N49.79922;10;
2;CZE;Plzeňský;Soběkury;;E13.23915;N49.57629;10;
2;CZE;Plzeňský;Soběšice;;E13.68421;N49.20790;10;
2;CZE;Plzeňský;Spálené Poříčí;;E13.60567;N49.61382;10;
3;CZE;Plzeňský;Spáňov;;E12.98742;N49.41462;10;
3;CZE;Plzeňský;Srbice;;E13.11870;N49.50841;10;
3;CZE;Plzeňský;Srby;;E13.60340;N49.51905;10;
2;CZE;Plzeňský;Srní;;E13.48055;N49.08729;10;
2;CZE;Plzeňský;Šťáhlavy;;E13.50405;N49.67566;10;
3;CZE;Plzeňský;Staňkov;;E13.06931;N49.55383;10;
2;CZE;Plzeňský;Staré Sedliště;;E12.69425;N49.74445;10;
3;CZE;Plzeňský;Staré Sedlo;;E12.86373;N49.66600;10;
2;CZE;Plzeňský;Starý Plzenec;;E13.47361;N49.69779;10;
2;CZE;Plzeňský;Štěnovice;;E13.39974;N49.67062;10;
2;CZE;Plzeňský;Štěnovický Borek;;E13.42688;N49.64977;10;
2;CZE;Plzeňský;Štichov;;E13.04897;N49.58502;10;
2;CZE;Plzeňský;Štichovice;;E13.30293;N49.97791;10;
2;CZE;Plzeňský;Štítov;;E13.67802;N49.66604;10;
2;CZE;Plzeňský;Stod;;E13.16485;N49.63920;10;
2;CZE;Plzeňský;Strašice;;E13.75766;N49.73562;10;
2;CZE;Plzeňský;Strašín;;E13.64050;N49.17934;10;
3;CZE;Plzeňský;Stráž;;E12.77557;N49.66889;10;
3;CZE;Plzeňský;Strážov;;E13.24634;N49.30337;10;
2;CZE;Plzeňský;Střelice;;E13.13470;N49.63061;10;
2;CZE;Plzeňský;Stříbro;;E13.00420;N49.75305;10;
2;CZE;Plzeňský;Střížovice;;E13.45850;N49.61189;10;
2;CZE;Plzeňský;Studánka;;E12.60379;N49.78068;10;
2;CZE;Plzeňský;Studená;;E13.64313;N49.96073;10;
2;CZE;Plzeňský;Sulislav;;E13.07282;N49.74866;10;
3;CZE;Plzeňský;Sulkov;;E13.27801;N49.70561;10;
2;CZE;Plzeňský;Sušice;;E13.52051;N49.23178;10;
2;CZE;Plzeňský;Svéradice;;E13.73969;N49.37145;10;
2;CZE;Plzeňský;Švihov;;E13.28428;N49.48147;10;
2;CZE;Plzeňský;Svojkovice;;E13.64834;N49.75997;10;
2;CZE;Plzeňský;Svojšín;;E12.91078;N49.76616;10;
2;CZE;Plzeňský;Sytno;;E13.04176;N49.73979;10;
2;CZE;Plzeňský;Tachov;;E12.63629;N49.79888;10;
2;CZE;Plzeňský;Tatiná;;E13.29982;N49.84870;10;
2;CZE;Plzeňský;Těně;;E13.79627;N49.75130;10;
2;CZE;Plzeňský;Terešov;;E13.69985;N49.89678;10;
2;CZE;Plzeňský;Těškov;;E13.69814;N49.80230;10;
2;CZE;Plzeňský;Tis u Blatna;;E13.34791;N50.08584;10;
2;CZE;Plzeňský;Tisová;;E12.71393;N49.76529;10;
2;CZE;Plzeňský;Tlučná;;E13.23545;N49.72436;10;
3;CZE;Plzeňský;Tlumačov;;E12.92910;N49.40364;10;
2;CZE;Plzeňský;Tojice;;E13.62662;N49.49258;10;
2;CZE;Plzeňský;Třebčice;;E13.61218;N49.48348;10;
2;CZE;Plzeňský;Třemešné;;E12.69577;N49.62537;10;
2;CZE;Plzeňský;Třemošná;;E13.39510;N49.81595;10;
3;CZE;Plzeňský;Trhanov;;E12.84563;N49.42034;10;
2;CZE;Plzeňský;Trnová;;E13.32396;N49.86115;10;
2;CZE;Plzeňský;Trokavec;;E13.70235;N49.64703;10;
2;CZE;Plzeňský;Trpísty;;E13.05864;N49.82275;10;
2;CZE;Plzeňský;Tužice;;E13.51153;N49.33512;10;
2;CZE;Plzeňský;Týček;;E13.79442;N49.86935;10;
2;CZE;Plzeňský;Tymákov;;E13.50993;N49.71917;10;
2;CZE;Plzeňský;Týnec;;E13.26402;N49.34733;10;
3;CZE;Plzeňský;Týniště;;E13.41770;N49.52119;10;
3;CZE;Plzeňský;Úboč;;E13.08698;N49.44370;10;
2;CZE;Plzeňský;Úherce;;E13.21382;N49.70148;10;
3;CZE;Plzeňský;Újezd;;E12.86967;N49.43564;10;
2;CZE;Plzeňský;Újezd nade Mží;;E13.19518;N49.78885;10;
2;CZE;Plzeňský;Újezd u Plánice;;E13.45782;N49.41762;10;
2;CZE;Plzeňský;Újezd u Svatého Kříže;;E13.56961;N49.85984;10;
2;CZE;Plzeňský;Úlice;;E13.14828;N49.76090;10;
2;CZE;Plzeňský;Únehle;;E13.01548;N49.79170;10;
2;CZE;Plzeňský;Únějovice;;E13.11871;N49.46214;10;
2;CZE;Plzeňský;Úněšov;;E13.14930;N49.88269;10;
3;CZE;Plzeňský;Únětice;;E13.47011;N49.58440;10;
3;CZE;Plzeňský;Úsilov;;E13.12707;N49.39695;10;
2;CZE;Plzeňský;Úterý;;E13.00429;N49.94018;10;
2;CZE;Plzeňský;Útušice;;E13.38215;N49.67789;10;
2;CZE;Plzeňský;Vejprnice;;E13.27639;N49.72999;10;
2;CZE;Plzeňský;Vejvanov;;E13.65252;N49.86877;10;
2;CZE;Plzeňský;Velečín;;E13.40171;N50.07442;10;
2;CZE;Plzeňský;Velhartice;;E13.38985;N49.26530;10;
2;CZE;Plzeňský;Velké Hydčice;;E13.66805;N49.29924;10;
2;CZE;Plzeňský;Velký Bor;;E13.70152;N49.36503;10;
3;CZE;Plzeňský;Velký Malahov;;E12.95544;N49.62368;10;
3;CZE;Plzeňský;Ves Touškov;;E13.11934;N49.66170;10;
2;CZE;Plzeňský;Veselá;;E13.60293;N49.69518;10;
3;CZE;Plzeňský;Vidice;;E12.83562;N49.61386;10;
2;CZE;Plzeňský;Vísky;;E13.68275;N49.65130;10;
3;CZE;Plzeňský;Vlčí;;E13.36036;N49.51199;10;
2;CZE;Plzeňský;Vlčtejn;;E13.49576;N49.61472;10;
2;CZE;Plzeňský;Vlkanov;;E12.80529;N49.48864;10;
3;CZE;Plzeňský;Vochov;;E13.27871;N49.75708;10;
2;CZE;Plzeňský;Volduchy;;E13.62316;N49.77617;10;
2;CZE;Plzeňský;Vranov;;E13.04202;N49.76449;10;
2;CZE;Plzeňský;Vrčeň;;E13.61899;N49.50806;10;
3;CZE;Plzeňský;Vřeskovice;;E13.27122;N49.52554;10;
3;CZE;Plzeňský;Vrhaveč;;E13.29636;N49.34561;10;
2;CZE;Plzeňský;Všehrdy;;E13.58518;N49.96378;10;
2;CZE;Plzeňský;Všekary;;E13.04256;N49.60352;10;
2;CZE;Plzeňský;Všenice;;E13.56077;N49.81799;10;
2;CZE;Plzeňský;Všepadly;;E13.10538;N49.45098;10;
3;CZE;Plzeňský;Všeruby;;E13.22954;N49.84178;10;
2;CZE;Plzeňský;Vstiš;;E13.24905;N49.64565;10;
2;CZE;Plzeňský;Výrov;;E13.46267;N49.96186;10;
2;CZE;Plzeňský;Vysoká Libyně;;E13.45079;N50.02199;10;
2;CZE;Plzeňský;Záchlumí;;E12.96503;N49.80022;10;
2;CZE;Plzeňský;Zadní Chodov;;E12.65467;N49.89060;10;
3;CZE;Plzeňský;Zahořany;;E13.00203;N49.43416;10;
2;CZE;Plzeňský;Zahrádka;;E13.21175;N49.88086;10;
2;CZE;Plzeňský;Žákava;;E13.53083;N49.63008;10;
3;CZE;Plzeňský;Zavlekov;;E13.49054;N49.33747;10;
2;CZE;Plzeňský;Zbiroh;;E13.77273;N49.86035;10;
2;CZE;Plzeňský;Zborovy;;E13.51576;N49.38120;10;
2;CZE;Plzeňský;Zbůch;;E13.22575;N49.67851;10;
2;CZE;Plzeňský;Ždánov;;E12.85452;N49.46103;10;
2;CZE;Plzeňský;Zdemyslice;;E13.51992;N49.60706;10;
2;CZE;Plzeňský;Ždírec;;E13.57296;N49.55109;10;
2;CZE;Plzeňský;Železná Ruda;;E13.23531;N49.13754;10;
2;CZE;Plzeňský;Zemětice;;E13.18645;N49.57848;10;
2;CZE;Plzeňský;Zhoř;;E12.96978;N49.66000;10;
2;CZE;Plzeňský;Žichovice;;E13.62795;N49.26733;10;
2;CZE;Plzeňský;Žihle;;E13.37513;N50.04502;10;
2;CZE;Plzeňský;Žihobce;;E13.63110;N49.21565;10;
2;CZE;Plzeňský;Žilov;;E13.31329;N49.84011;10;
3;CZE;Plzeňský;Žinkovy;;E13.48955;N49.48351;10;
2;CZE;Plzeňský;Životice;;E13.68530;N49.46659;10;
2;CZE;Plzeňský;Zruč-Senec;;E13.41909;N49.80310;10;
2;CZE;Plzeňský;Zvíkovec;;E13.68865;N49.95418;10;
0;CZE;;;;E15.5127;N49.77416;6;
1;CZE;Plzeňský;;;E13.30444;N49.50371;8;

