2;CZE;Středočeský;Adamov;;E15.40901;N49.85791;10;
2;CZE;Středočeský;Babice;;E14.71590;N50.00808;10;
2;CZE;Středočeský;Bakov nad Jizerou;;E14.94159;N50.48240;10;
2;CZE;Středočeský;Barchovice;;E14.96920;N49.94435;10;
2;CZE;Středočeský;Bašť;;E14.47740;N50.20524;10;
2;CZE;Středočeský;Bavoryně;;E13.96112;N49.89590;10;
2;CZE;Středočeský;Bdín;;E13.85885;N50.21424;10;
2;CZE;Středočeský;Bečváry;;E15.07991;N49.95680;10;
2;CZE;Středočeský;Bělá pod Bezdězem;;E14.80429;N50.50131;10;
2;CZE;Středočeský;Běleč;;E13.99308;N50.05626;10;
2;CZE;Středočeský;Běloky;;E14.22086;N50.13153;10;
2;CZE;Středočeský;Bělušice;;E15.32200;N50.06917;10;
2;CZE;Středočeský;Benátky nad Jizerou;;E14.82461;N50.28926;10;
2;CZE;Středočeský;Benešov;;E14.68747;N49.78388;10;
2;CZE;Středočeský;Bernardov;;E15.39866;N50.01423;10;
2;CZE;Středočeský;Bernartice;;E15.12924;N49.67566;10;
2;CZE;Středočeský;Beroun;;E14.08638;N49.96730;10;
2;CZE;Středočeský;Běrunice;;E15.33369;N50.18584;10;
2;CZE;Středočeský;Beřovice;;E14.12366;N50.26911;10;
2;CZE;Středočeský;Běštín;;E14.01634;N49.80740;10;
2;CZE;Středočeský;Bezděkov pod Třemšínem;;E13.87856;N49.57720;10;
2;CZE;Středočeský;Bezno;;E14.79572;N50.36738;10;
2;CZE;Středočeský;Bílá Hlína;;E14.92535;N50.53260;10;
2;CZE;Středočeský;Bílé Podolí;;E15.49112;N49.95658;10;
2;CZE;Středočeský;Bílichov;;E13.91645;N50.26215;10;
2;CZE;Středočeský;Bílkovice;;E14.86105;N49.75982;10;
2;CZE;Středočeský;Bítouchov;;E14.88952;N50.47588;10;
2;CZE;Středočeský;Blažejovice;;E15.20003;N49.61989;10;
2;CZE;Středočeský;Blevice;;E14.23626;N50.20982;10;
2;CZE;Středočeský;Bludov;;E15.25528;N49.80759;10;
2;CZE;Středočeský;Bobnice;;E15.05362;N50.21968;10;
2;CZE;Středočeský;Bohdaneč;;E15.22265;N49.77827;10;
2;CZE;Středočeský;Bohostice;;E14.13823;N49.60224;10;
2;CZE;Středočeský;Bohutín;;E13.94399;N49.65562;10;
2;CZE;Středočeský;Bojanovice;;E14.35214;N49.85454;10;
2;CZE;Středočeský;Boreč;;E14.73249;N50.40745;10;
2;CZE;Středočeský;Borek;;E14.64752;N50.22268;10;
2;CZE;Středočeský;Borotice;;E14.27980;N49.73507;10;
2;CZE;Středočeský;Borovnice;;E15.01843;N49.64883;10;
2;CZE;Středočeský;Bořanovice;;E14.47885;N50.17833;10;
2;CZE;Středočeský;Boseň;;E15.02290;N50.50420;10;
2;CZE;Středočeský;Bradlec;;E14.91029;N50.45145;10;
2;CZE;Středočeský;Brambory;;E15.47031;N49.97825;10;
2;CZE;Středočeský;Brandýs nad Labem - Stará Boleslav;;E14.65934;N50.18642;10;
2;CZE;Středočeský;Brandýsek;;E14.16209;N50.18933;10;
2;CZE;Středočeský;Branov;;E13.84302;N50.01298;10;
2;CZE;Středočeský;Branžež;;E15.05800;N50.50768;10;
2;CZE;Středočeský;Braškov;;E14.10085;N50.10213;10;
2;CZE;Středočeský;Bratčice;;E15.43048;N49.85531;10;
2;CZE;Středočeský;Bratkovice;;E13.99904;N49.74051;10;
2;CZE;Středočeský;Bratronice;;E14.01426;N50.06785;10;
2;CZE;Středočeský;Bratřínov;;E14.34024;N49.84268;10;
2;CZE;Středočeský;Brázdim;;E14.58829;N50.18363;10;
2;CZE;Středočeský;Brdy (vojenský újezd);;E13.90324;N49.78926;10;
2;CZE;Středočeský;Brodce;;E14.86928;N50.33078;10;
2;CZE;Středočeský;Broumy;;E13.85236;N49.95517;10;
2;CZE;Středočeský;Březí;;E14.69938;N50.01476;10;
2;CZE;Středočeský;Březina;;E15.03290;N50.54864;10;
2;CZE;Středočeský;Březnice;;E13.95073;N49.55773;10;
2;CZE;Středočeský;Březno;;E15.00558;N50.40629;10;
2;CZE;Středočeský;Březová;;E13.88311;N49.90418;10;
2;CZE;Středočeský;Březová-Oleško;;E14.41102;N49.90414;10;
2;CZE;Středočeský;Březovice;;E14.73371;N50.47081;10;
2;CZE;Středočeský;Břežany;;E13.58289;N50.00696;10;
2;CZE;Středočeský;Břežany I;;E15.07905;N50.03502;10;
2;CZE;Středočeský;Břežany II;;E14.80440;N50.09386;10;
2;CZE;Středočeský;Bříství;;E14.84184;N50.13402;10;
2;CZE;Středočeský;Bubovice;;E14.16660;N49.96976;10;
2;CZE;Středočeský;Budiměřice;;E15.09886;N50.19542;10;
2;CZE;Středočeský;Buková u Příbramě;;E14.06668;N49.75523;10;
2;CZE;Středočeský;Bukovany;;E14.62438;N49.82289;10;
2;CZE;Středočeský;Bukovany;;E14.10264;N49.57461;10;
2;CZE;Středočeský;Bukovno;;E14.84068;N50.44686;10;
2;CZE;Středočeský;Buš;;E14.38404;N49.80341;10;
2;CZE;Středočeský;Buštěhrad;;E14.18908;N50.15604;10;
2;CZE;Středočeský;Býchory;;E15.27357;N50.06772;10;
2;CZE;Středočeský;Býkev;;E14.41812;N50.34727;10;
2;CZE;Středočeský;Bykoš;;E14.06376;N49.88305;10;
2;CZE;Středočeský;Bystřice;;E14.66750;N49.73223;10;
2;CZE;Středočeský;Byšice;;E14.61147;N50.31054;10;
2;CZE;Středočeský;Bzová;;E13.86250;N49.89799;10;
2;CZE;Středočeský;Cerhenice;;E15.07214;N50.07137;10;
2;CZE;Středočeský;Cerhovice;;E13.83493;N49.84964;10;
2;CZE;Středočeský;Cetyně;;E14.12145;N49.59972;10;
2;CZE;Středočeský;Církvice;;E15.01581;N49.90945;10;
2;CZE;Středočeský;Církvice;;E15.33515;N49.94570;10;
2;CZE;Středočeský;Cítov;;E14.39824;N50.37235;10;
2;CZE;Středočeský;Ctiboř;;E14.90430;N49.73676;10;
2;CZE;Středočeský;Ctiměřice;;E14.99346;N50.37789;10;
2;CZE;Středočeský;Cvrčovice;;E14.15489;N50.17989;10;
2;CZE;Středočeský;Čachovice;;E14.94603;N50.27557;10;
2;CZE;Středočeský;Čakov;;E14.83643;N49.82569;10;
2;CZE;Středočeský;Čakovičky;;E14.53148;N50.23170;10;
2;CZE;Středočeský;Čáslav;;E15.39089;N49.91099;10;
2;CZE;Středočeský;Čečelice;;E14.61868;N50.29410;10;
2;CZE;Středočeský;Čechtice;;E15.04834;N49.62412;10;
2;CZE;Středočeský;Čejkovice;;E15.34976;N49.79192;10;
2;CZE;Středočeský;Čelákovice;;E14.75108;N50.16280;10;
2;CZE;Středočeský;Čenkov;;E14.00086;N49.77780;10;
2;CZE;Středočeský;Čerčany;;E14.70309;N49.85303;10;
2;CZE;Středočeský;Černé Voděrady;;E14.80689;N49.94165;10;
2;CZE;Středočeský;Černíky;;E14.82010;N50.10211;10;
2;CZE;Středočeský;Černíny;;E15.21893;N49.84011;10;
2;CZE;Středočeský;Černolice;;E14.29935;N49.90979;10;
2;CZE;Středočeský;Černošice;;E14.31990;N49.96018;10;
2;CZE;Středočeský;Černuc;;E14.20260;N50.30124;10;
2;CZE;Středočeský;Červené Janovice;;E15.25343;N49.83471;10;
2;CZE;Středočeský;Červené Pečky;;E15.20866;N49.97831;10;
2;CZE;Středočeský;Červený Újezd;;E14.60416;N49.55550;10;
2;CZE;Středočeský;Červený Újezd;;E14.16601;N50.06980;10;
2;CZE;Středočeský;Český Brod;;E14.86091;N50.07430;10;
2;CZE;Středočeský;Český Šternberk;;E14.92825;N49.81099;10;
2;CZE;Středočeský;Čestín;;E15.10450;N49.80771;10;
2;CZE;Středočeský;Čestlice;;E14.58371;N50.00261;10;
2;CZE;Středočeský;Číčovice;;E14.24948;N50.15681;10;
2;CZE;Středočeský;Čilec;;E14.98175;N50.21949;10;
2;CZE;Středočeský;Čím;;E14.37790;N49.77862;10;
2;CZE;Středočeský;Činěves;;E15.21399;N50.23009;10;
2;CZE;Středočeský;Čisovice;;E14.31488;N49.86348;10;
2;CZE;Středočeský;Čistá;;E14.84359;N50.47208;10;
2;CZE;Středočeský;Čistá;;E13.73368;N50.09904;10;
2;CZE;Středočeský;Čtyřkoly;;E14.71974;N49.86861;10;
2;CZE;Středočeský;Daleké Dušníky;;E14.18663;N49.72753;10;
2;CZE;Středočeský;Dalovice;;E14.88004;N50.42578;10;
2;CZE;Středočeský;Davle;;E14.40047;N49.89228;10;
2;CZE;Středočeský;Děkanovice;;E15.14864;N49.61878;10;
2;CZE;Středočeský;Děkov;;E13.55448;N50.17128;10;
2;CZE;Středočeský;Divišov;;E14.87589;N49.78859;10;
2;CZE;Středočeský;Dlouhá Lhota;;E15.05422;N50.42020;10;
2;CZE;Středočeský;Dlouhá Lhota;;E14.12070;N49.72122;10;
2;CZE;Středočeský;Dlouhopolsko;;E15.30623;N50.17531;10;
2;CZE;Středočeský;Dobročovice;;E14.70001;N50.05642;10;
2;CZE;Středočeský;Dobrovice;;E14.96243;N50.36942;10;
2;CZE;Středočeský;Dobrovítov;;E15.32881;N49.78763;10;
2;CZE;Středočeský;Dobrovíz;;E14.21784;N50.11316;10;
2;CZE;Středočeský;Dobřejovice;;E14.57837;N49.98171;10;
2;CZE;Středočeský;Dobřeň;;E14.55681;N50.47950;10;
2;CZE;Středočeský;Dobříč;;E14.25901;N50.02002;10;
2;CZE;Středočeský;Dobřichov;;E15.03247;N50.07973;10;
2;CZE;Středočeský;Dobřichovice;;E14.27480;N49.92759;10;
2;CZE;Středočeský;Dobříš;;E14.16727;N49.78123;10;
2;CZE;Středočeský;Dobšice;;E15.26871;N50.13253;10;
2;CZE;Středočeský;Dobšín;;E15.11676;N50.48342;10;
2;CZE;Středočeský;Doksy;;E14.04793;N50.11910;10;
2;CZE;Středočeský;Dolany;;E14.14979;N50.11557;10;
2;CZE;Středočeský;Dolany;;E14.34962;N50.22214;10;
2;CZE;Středočeský;Dolní Beřkovice;;E14.45035;N50.39323;10;
2;CZE;Středočeský;Dolní Bousov;;E15.12823;N50.43834;10;
2;CZE;Středočeský;Dolní Břežany;;E14.45861;N49.96331;10;
2;CZE;Středočeský;Dolní Hbity;;E14.16993;N49.65755;10;
2;CZE;Středočeský;Dolní Chvatliny;;E15.06939;N49.98060;10;
2;CZE;Středočeský;Dolní Kralovice;;E15.17764;N49.64422;10;
2;CZE;Středočeský;Dolní Krupá;;E14.86727;N50.54641;10;
2;CZE;Středočeský;Dolní Pohleď;;E15.13362;N49.74351;10;
2;CZE;Středočeský;Dolní Slivno;;E14.73284;N50.30888;10;
2;CZE;Středočeský;Dolní Stakory;;E14.97258;N50.43739;10;
2;CZE;Středočeský;Dolní Zimoř;;E14.50147;N50.42671;10;
2;CZE;Středočeský;Dománovice;;E15.32262;N50.11195;10;
2;CZE;Středočeský;Domousnice;;E15.10170;N50.39430;10;
2;CZE;Středočeský;Doubek;;E14.73787;N50.01771;10;
2;CZE;Středočeský;Doubravčice;;E14.79318;N50.02215;10;
2;CZE;Středočeský;Doubravička;;E14.77621;N50.39520;10;
2;CZE;Středočeský;Drahelčice;;E14.20305;N50.03192;10;
2;CZE;Středočeský;Drahenice;;E13.95851;N49.52094;10;
2;CZE;Středočeský;Drahlín;;E13.96897;N49.73231;10;
2;CZE;Středočeský;Drahňovice;;E14.90175;N49.82257;10;
2;CZE;Středočeský;Drahobudice;;E15.06636;N49.93757;10;
2;CZE;Středočeský;Drahouš;;E13.47577;N50.08023;10;
2;CZE;Středočeský;Drásov;;E14.11780;N49.70218;10;
2;CZE;Středočeský;Drevníky;;E14.27413;N49.72026;10;
2;CZE;Středočeský;Drhovy;;E14.23248;N49.73916;10;
2;CZE;Středočeský;Drnek;;E13.97251;N50.19574;10;
2;CZE;Středočeský;Drobovice;;E15.41352;N49.88962;10;
2;CZE;Středočeský;Drozdov;;E13.84068;N49.86324;10;
2;CZE;Středočeský;Družec;;E14.04551;N50.10308;10;
2;CZE;Středočeský;Dřetovice;;E14.21036;N50.18278;10;
2;CZE;Středočeský;Dřevčice;;E14.62832;N50.16785;10;
2;CZE;Středočeský;Dřínov;;E14.06985;N50.27566;10;
2;CZE;Středočeský;Dřínov;;E14.39761;N50.27375;10;
2;CZE;Středočeský;Dřísy;;E14.64365;N50.25608;10;
2;CZE;Středočeský;Dubenec;;E14.07934;N49.69580;10;
2;CZE;Středočeský;Dublovice;;E14.36099;N49.67188;10;
2;CZE;Středočeský;Dubno;;E14.05185;N49.69595;10;
2;CZE;Středočeský;Dunice;;E15.15274;N49.60324;10;
2;CZE;Středočeský;Dvory;;E14.99555;N50.21175;10;
2;CZE;Středočeský;Dymokury;;E15.20265;N50.24577;10;
2;CZE;Středočeský;Felbabka;;E13.94201;N49.81348;10;
2;CZE;Středočeský;Grunta;;E15.25508;N49.97421;10;
2;CZE;Středočeský;Háje;;E14.04745;N49.67273;10;
2;CZE;Středočeský;Herink;;E14.57501;N49.96696;10;
2;CZE;Středočeský;Heřmaničky;;E14.58259;N49.60541;10;
2;CZE;Středočeský;Hlásná Třebaň;;E14.19876;N49.92234;10;
2;CZE;Středočeský;Hlavenec;;E14.70186;N50.23839;10;
2;CZE;Středočeský;Hlízov;;E15.29520;N49.98509;10;
2;CZE;Středočeský;Hluboš;;E14.02029;N49.74632;10;
2;CZE;Středočeský;Hlubyně;;E13.92334;N49.55976;10;
2;CZE;Středočeský;Hobšovice;;E14.16226;N50.27064;10;
2;CZE;Středočeský;Holubice;;E14.29294;N50.20318;10;
2;CZE;Středočeský;Horčápsko;;E13.98455;N49.58450;10;
2;CZE;Středočeský;Horka I;;E15.44004;N49.98279;10;
2;CZE;Středočeský;Horka II;;E15.13385;N49.73217;10;
2;CZE;Středočeský;Horky;;E15.43989;N49.86886;10;
2;CZE;Středočeský;Horky nad Jizerou;;E14.85616;N50.32716;10;
2;CZE;Středočeský;Horní Bezděkov;;E14.06759;N50.08235;10;
2;CZE;Středočeský;Horní Bukovina;;E14.92623;N50.54325;10;
2;CZE;Středočeský;Horní Kruty;;E14.95981;N49.91954;10;
2;CZE;Středočeský;Horní Počaply;;E14.39003;N50.42450;10;
2;CZE;Středočeský;Horní Slivno;;E14.70498;N50.30413;10;
2;CZE;Středočeský;Horoměřice;;E14.33889;N50.13183;10;
2;CZE;Středočeský;Horoušany;;E14.74068;N50.10650;10;
2;CZE;Středočeský;Horušice;;E15.42904;N49.99658;10;
2;CZE;Středočeský;Hořany;;E14.94589;N50.09771;10;
2;CZE;Středočeský;Hořátev;;E15.03941;N50.15027;10;
2;CZE;Středočeský;Hořesedly;;E13.60276;N50.16239;10;
2;CZE;Středočeský;Hořešovice;;E13.96690;N50.27169;10;
2;CZE;Středočeský;Hořešovičky;;E13.95589;N50.27498;10;
2;CZE;Středočeský;Hořín;;E14.46428;N50.34492;10;
2;CZE;Středočeský;Hořovice;;E13.90278;N49.83607;10;
2;CZE;Středočeský;Hořovičky;;E13.53151;N50.15572;10;
2;CZE;Středočeský;Hospozín;;E14.17187;N50.30698;10;
2;CZE;Středočeský;Hostín;;E14.58899;N50.34052;10;
2;CZE;Středočeský;Hostín u Vojkovic;;E14.39707;N50.29717;10;
2;CZE;Středočeský;Hostivice;;E14.25867;N50.08167;10;
2;CZE;Středočeský;Hostomice;;E14.04571;N49.82536;10;
2;CZE;Středočeský;Hostouň;;E14.20138;N50.11449;10;
2;CZE;Středočeský;Hostovlice;;E15.46640;N49.86035;10;
2;CZE;Středočeský;Hovorčovice;;E14.51799;N50.17876;10;
2;CZE;Středočeský;Hraběšín;;E15.33191;N49.85262;10;
2;CZE;Středočeský;Hradčany;;E15.26996;N50.15808;10;
2;CZE;Středočeský;Hradečno;;E13.99136;N50.18843;10;
2;CZE;Středočeský;Hradešín;;E14.75677;N50.03894;10;
2;CZE;Středočeský;Hradiště;;E14.84880;N49.68427;10;
2;CZE;Středočeský;Hradištko;;E14.93515;N50.16559;10;
2;CZE;Středočeský;Hradištko;;E14.40796;N49.87032;10;
2;CZE;Středočeský;Hracholusky;;E13.77396;N50.00337;10;
2;CZE;Středočeský;Hrdlív;;E14.07259;N50.19935;10;
2;CZE;Středočeský;Hrdlořezy;;E14.87550;N50.45149;10;
2;CZE;Středočeský;Hrubý Jeseník;;E15.09415;N50.25124;10;
2;CZE;Středočeský;Hrusice;;E14.73816;N49.90995;10;
2;CZE;Středočeský;Hrušov;;E14.84648;N50.34497;10;
2;CZE;Středočeský;Hřebeč;;E14.16457;N50.13605;10;
2;CZE;Středočeský;Hřebečníky;;E13.75333;N49.98464;10;
2;CZE;Středočeský;Hředle;;E13.92070;N49.90389;10;
2;CZE;Středočeský;Hředle;;E13.74952;N50.18810;10;
2;CZE;Středočeský;Hřiměždice;;E14.27501;N49.68695;10;
2;CZE;Středočeský;Hudčice;;E13.92261;N49.53178;10;
2;CZE;Středočeský;Hudlice;;E13.97074;N49.96106;10;
2;CZE;Středočeský;Hulice;;E15.08769;N49.70970;10;
2;CZE;Středočeský;Husí Lhota;;E15.00482;N50.43564;10;
2;CZE;Středočeský;Husinec;;E14.37518;N50.17384;10;
2;CZE;Středočeský;Hvězdonice;;E14.77737;N49.87292;10;
2;CZE;Středočeský;Hvozd;;E13.69851;N50.05160;10;
2;CZE;Středočeský;Hvozdec;;E13.88040;N49.80715;10;
2;CZE;Středočeský;Hvozdnice;;E14.37120;N49.87260;10;
2;CZE;Středočeský;Hvožďany;;E13.80521;N49.52835;10;
2;CZE;Středočeský;Hýskov;;E14.05065;N49.99082;10;
2;CZE;Středočeský;Chabeřice;;E15.07389;N49.75024;10;
2;CZE;Středočeský;Chaloupky;;E13.86846;N49.79195;10;
2;CZE;Středočeský;Charvatce;;E14.99871;N50.32272;10;
2;CZE;Středočeský;Chářovice;;E14.57796;N49.82035;10;
2;CZE;Středočeský;Chleby;;E14.55698;N49.82710;10;
2;CZE;Středočeský;Chleby;;E15.08949;N50.22291;10;
2;CZE;Středočeský;Chlístov;;E14.65482;N49.80162;10;
2;CZE;Středočeský;Chlístovice;;E15.20259;N49.88581;10;
2;CZE;Středočeský;Chlum;;E14.99586;N49.69310;10;
2;CZE;Středočeský;Chlumín;;E14.44938;N50.28921;10;
2;CZE;Středočeský;Chlustina;;E13.91962;N49.87804;10;
2;CZE;Středočeský;Chmelná;;E14.98845;N49.64820;10;
2;CZE;Středočeský;Chocerady;;E14.80217;N49.87300;10;
2;CZE;Středočeský;Chocnějovice;;E14.97149;N50.57700;10;
2;CZE;Středočeský;Chodouň;;E13.98666;N49.89828;10;
2;CZE;Středočeský;Choratice;;E14.87479;N49.83943;10;
2;CZE;Středočeský;Chorušice;;E14.67087;N50.39068;10;
2;CZE;Středočeský;Choťánky;;E15.16254;N50.13826;10;
2;CZE;Středočeský;Choteč;;E14.28302;N49.98665;10;
2;CZE;Středočeský;Chotěšice;;E15.27316;N50.27866;10;
2;CZE;Středočeský;Chotětov;;E14.80162;N50.33753;10;
2;CZE;Středočeský;Chotilsko;;E14.35258;N49.77058;10;
2;CZE;Středočeský;Choťovice;;E15.31978;N50.14248;10;
2;CZE;Středočeský;Chotusice;;E15.39438;N49.94924;10;
2;CZE;Středočeský;Chotutice;;E14.98998;N50.07007;10;
2;CZE;Středočeský;Chotýšany;;E14.81468;N49.74420;10;
2;CZE;Středočeský;Chrást;;E14.89823;N50.11901;10;
2;CZE;Středočeský;Chrást;;E13.95676;N49.59451;10;
2;CZE;Středočeský;Chrášťany;;E14.58203;N49.79215;10;
2;CZE;Středočeský;Chrášťany;;E14.93025;N50.06558;10;
2;CZE;Středočeský;Chrášťany;;E14.26142;N50.04614;10;
2;CZE;Středočeský;Chrášťany;;E13.66738;N50.14654;10;
2;CZE;Středočeský;Chraštice;;E14.07193;N49.57689;10;
2;CZE;Středočeský;Chroustov;;E15.34727;N50.28669;10;
2;CZE;Středočeský;Chrustenice;;E14.15232;N50.00614;10;
2;CZE;Středočeský;Chržín;;E14.27023;N50.29547;10;
2;CZE;Středočeský;Chudíř;;E15.01390;N50.30889;10;
2;CZE;Středočeský;Chvatěruby;;E14.34278;N50.23284;10;
2;CZE;Středočeský;Chyňava;;E14.07409;N50.02746;10;
2;CZE;Středočeský;Chýně;;E14.22705;N50.06082;10;
2;CZE;Středočeský;Chýnice;;E14.26438;N49.99579;10;
2;CZE;Středočeský;Jabkenice;;E15.01488;N50.32416;10;
2;CZE;Středočeský;Jablonná;;E14.13854;N49.66114;10;
2;CZE;Středočeský;Jankov;;E14.73084;N49.65303;10;
2;CZE;Středočeský;Janov;;E13.63991;N50.21050;10;
2;CZE;Středočeský;Jarpice;;E14.08533;N50.32170;10;
2;CZE;Středočeský;Javorník;;E15.02663;N49.68659;10;
2;CZE;Středočeský;Jedomělice;;E13.97240;N50.23305;10;
2;CZE;Středočeský;Jemníky;;E14.11907;N50.20764;10;
2;CZE;Středočeský;Jeneč;;E14.21492;N50.08740;10;
2;CZE;Středočeský;Jenštejn;;E14.61190;N50.15275;10;
2;CZE;Středočeský;Jesenice;;E14.51360;N49.96824;10;
2;CZE;Středočeský;Jesenice;;E14.47823;N49.60784;10;
2;CZE;Středočeský;Jesenice;;E13.46959;N50.09713;10;
2;CZE;Středočeský;Jestřabí Lhota;;E15.26181;N50.08993;10;
2;CZE;Středočeský;Ješetice;;E14.61022;N49.58126;10;
2;CZE;Středočeský;Jevany;;E14.81058;N49.97067;10;
2;CZE;Středočeský;Jeviněves;;E14.33821;N50.34521;10;
2;CZE;Středočeský;Jíkev;;E15.06012;N50.26446;10;
2;CZE;Středočeský;Jílové u Prahy;;E14.49343;N49.89554;10;
2;CZE;Středočeský;Jíloviště;;E14.34284;N49.92762;10;
2;CZE;Středočeský;Jince;;E13.97878;N49.78634;10;
2;CZE;Středočeský;Jinočany;;E14.26878;N50.03285;10;
2;CZE;Středočeský;Jirny;;E14.69933;N50.11587;10;
2;CZE;Středočeský;Jiřice;;E14.83695;N50.25253;10;
2;CZE;Středočeský;Jivina;;E13.83649;N49.79424;10;
2;CZE;Středočeský;Jivina;;E14.94726;N50.55421;10;
2;CZE;Středočeský;Jizbice;;E14.99395;N50.25778;10;
2;CZE;Středočeský;Jizerní Vtelno;;E14.85329;N50.36949;10;
2;CZE;Středočeský;Josefův Důl;;E14.89378;N50.45350;10;
2;CZE;Středočeský;Kácov;;E15.02799;N49.77796;10;
2;CZE;Středočeský;Kačice;;E13.98826;N50.16271;10;
2;CZE;Středočeský;Kadlín;;E14.69984;N50.39956;10;
2;CZE;Středočeský;Kaliště;;E14.77461;N49.88276;10;
2;CZE;Středočeský;Kalivody;;E13.84196;N50.20852;10;
2;CZE;Středočeský;Kamberk;;E14.84041;N49.59723;10;
2;CZE;Středočeský;Kamenice;;E14.58252;N49.90161;10;
2;CZE;Středočeský;Kamenné Zboží;;E14.99953;N50.19301;10;
2;CZE;Středočeský;Kamenné Žehrovice;;E14.01820;N50.12707;10;
2;CZE;Středočeský;Kamenný Most;;E14.20584;N50.24150;10;
2;CZE;Středočeský;Kamenný Přívoz;;E14.50349;N49.86309;10;
2;CZE;Středočeský;Kamýk nad Vltavou;;E14.25354;N49.63912;10;
2;CZE;Středočeský;Kanina;;E14.60004;N50.42480;10;
2;CZE;Středočeský;Káraný;;E14.73710;N50.17486;10;
2;CZE;Středočeský;Karlík;;E14.25961;N49.93550;10;
2;CZE;Středočeský;Karlova Ves;;E13.86250;N49.98738;10;
2;CZE;Středočeský;Karlštejn;;E14.18814;N49.93960;10;
2;CZE;Středočeský;Katusice;;E14.77746;N50.44520;10;
2;CZE;Středočeský;Kbel;;E15.14364;N49.98832;10;
2;CZE;Středočeský;Keblov;;E15.07199;N49.67774;10;
2;CZE;Středočeský;Kladno;;E14.10684;N50.14179;10;
2;CZE;Středočeský;Kladruby;;E14.95015;N49.72326;10;
2;CZE;Středočeský;Klášter Hradiště nad Jizerou;;E14.94482;N50.52350;10;
2;CZE;Středočeský;Klášterní Skalice;;E14.98539;N50.02362;10;
2;CZE;Středočeský;Klecany;;E14.41158;N50.17609;10;
2;CZE;Středočeský;Klíčany;;E14.43455;N50.20212;10;
2;CZE;Středočeský;Klínec;;E14.34335;N49.90095;10;
2;CZE;Středočeský;Klobuky;;E13.98759;N50.29411;10;
2;CZE;Středočeský;Klokočná;;E14.71862;N49.95851;10;
2;CZE;Středočeský;Klučenice;;E14.21213;N49.55323;10;
2;CZE;Středočeský;Klučov;;E14.91017;N50.09511;10;
2;CZE;Středočeský;Kluky;;E15.32536;N49.90755;10;
2;CZE;Středočeský;Kluky;;E14.72529;N50.44031;10;
2;CZE;Středočeský;Kly;;E14.50159;N50.30889;10;
2;CZE;Středočeský;Kmetiněves;;E14.15710;N50.30928;10;
2;CZE;Středočeský;Kněževes;;E14.25921;N50.12132;10;
2;CZE;Středočeský;Kněževes;;E13.63721;N50.14668;10;
2;CZE;Středočeský;Kněžice;;E15.33546;N50.25731;10;
2;CZE;Středočeský;Kněžičky;;E15.34493;N50.17399;10;
2;CZE;Středočeský;Kněžmost;;E15.03839;N50.48927;10;
2;CZE;Středočeský;Kňovice;;E14.40041;N49.68840;10;
2;CZE;Středočeský;Knovíz;;E14.13705;N50.21266;10;
2;CZE;Středočeský;Kobylnice;;E15.37580;N50.00639;10;
2;CZE;Středočeský;Kobylnice;;E15.05396;N50.37173;10;
2;CZE;Středočeský;Kochánky;;E14.78033;N50.27713;10;
2;CZE;Středočeský;Kojetice;;E14.50858;N50.23820;10;
2;CZE;Středočeský;Kokořín;;E14.56732;N50.42998;10;
2;CZE;Středočeský;Kolaje;;E15.23854;N50.15546;10;
2;CZE;Středočeský;Koleč;;E14.22351;N50.19887;10;
2;CZE;Středočeský;Kolešov;;E13.51014;N50.15725;10;
2;CZE;Středočeský;Kolešovice;;E13.61038;N50.13974;10;
2;CZE;Středočeský;Kolín;;E15.20282;N50.02742;10;
2;CZE;Středočeský;Kolomuty;;E14.97909;N50.40219;10;
2;CZE;Středočeský;Komárov;;E13.85646;N49.80660;10;
2;CZE;Středočeský;Konárovice;;E15.28432;N50.04155;10;
2;CZE;Středočeský;Kondrac;;E14.88460;N49.66724;10;
2;CZE;Středočeský;Koněprusy;;E14.06585;N49.92099;10;
2;CZE;Středočeský;Konětopy;;E14.65393;N50.27650;10;
2;CZE;Středočeský;Konojedy;;E14.85135;N49.94867;10;
2;CZE;Středočeský;Korkyně;;E14.35143;N49.78054;10;
2;CZE;Středočeský;Korno;;E14.13696;N49.92058;10;
2;CZE;Středočeský;Koryta;;E15.01182;N50.57205;10;
2;CZE;Středočeský;Kořenice;;E15.14096;N49.97721;10;
2;CZE;Středočeský;Kosmonosy;;E14.92991;N50.43860;10;
2;CZE;Středočeský;Kosoř;;E14.32668;N49.98758;10;
2;CZE;Středočeský;Kosořice;;E14.96974;N50.33348;10;
2;CZE;Středočeský;Kosova Hora;;E14.47183;N49.65424;10;
2;CZE;Středočeský;Kostelec nad Černými Lesy;;E14.85932;N49.99413;10;
2;CZE;Středočeský;Kostelec nad Labem;;E14.58562;N50.22663;10;
2;CZE;Středočeský;Kostelec u Křížků;;E14.55733;N49.90712;10;
2;CZE;Středočeský;Kostelní Hlavno;;E14.69908;N50.25752;10;
2;CZE;Středočeský;Kostelní Lhota;;E15.02430;N50.12936;10;
2;CZE;Středočeský;Kostomlátky;;E14.98413;N50.17113;10;
2;CZE;Středočeský;Kostomlaty nad Labem;;E14.95408;N50.18458;10;
2;CZE;Středočeský;Košátky;;E14.66709;N50.31527;10;
2;CZE;Středočeský;Košice;;E15.15094;N49.89589;10;
2;CZE;Středočeský;Košík;;E15.13415;N50.31835;10;
2;CZE;Středočeský;Kotenčice;;E14.09391;N49.73639;10;
2;CZE;Středočeský;Kotopeky;;E13.92526;N49.85683;10;
2;CZE;Středočeský;Kounice;;E14.85602;N50.10777;10;
2;CZE;Středočeský;Kounov;;E13.67520;N50.21297;10;
2;CZE;Středočeský;Koupě;;E13.91849;N49.51488;10;
2;CZE;Středočeský;Kouřim;;E14.97713;N50.00315;10;
2;CZE;Středočeský;Kouty;;E15.14885;N50.19321;10;
2;CZE;Středočeský;Kováň;;E14.77787;N50.42340;10;
2;CZE;Středočeský;Kovanec;;E14.77674;N50.41780;10;
2;CZE;Středočeský;Kovanice;;E15.07090;N50.16956;10;
2;CZE;Středočeský;Kozárovice;;E14.10658;N49.55562;10;
2;CZE;Středočeský;Kozmice;;E14.79618;N49.82488;10;
2;CZE;Středočeský;Kozojedy;;E14.81436;N49.99665;10;
2;CZE;Středočeský;Kozojedy;;E13.81568;N50.25538;10;
2;CZE;Středočeský;Kozomín;;E14.37121;N50.23691;10;
2;CZE;Středočeský;Krakov;;E13.64757;N50.03746;10;
2;CZE;Středočeský;Krakovany;;E15.36897;N50.06616;10;
2;CZE;Středočeský;Krakovec;;E13.63834;N50.01894;10;
2;CZE;Středočeský;Královice;;E14.05590;N50.26312;10;
2;CZE;Středočeský;Kralupy nad Vltavou;;E14.31074;N50.24174;10;
2;CZE;Středočeský;Králův Dvůr;;E14.03456;N49.94991;10;
2;CZE;Středočeský;Krásná Hora nad Vltavou;;E14.27752;N49.60471;10;
2;CZE;Středočeský;Krásná Ves;;E14.79224;N50.42478;10;
2;CZE;Středočeský;Krhanice;;E14.55746;N49.85611;10;
2;CZE;Středočeský;Krchleby;;E15.35040;N49.88899;10;
2;CZE;Středočeský;Krchleby;;E15.02281;N50.23926;10;
2;CZE;Středočeský;Krňany;;E14.47755;N49.84491;10;
2;CZE;Středočeský;Krnsko;;E14.86315;N50.37251;10;
2;CZE;Středočeský;Kropáčova Vrutice;;E14.71748;N50.33063;10;
2;CZE;Středočeský;Kroučová;;E13.78405;N50.20687;10;
2;CZE;Středočeský;Krty;;E13.43202;N50.09170;10;
2;CZE;Středočeský;Krupá;;E14.87140;N50.01746;10;
2;CZE;Středočeský;Krupá;;E13.73168;N50.17495;10;
2;CZE;Středočeský;Krušovice;;E13.77523;N50.17235;10;
2;CZE;Středočeský;Krychnov;;E15.05776;N50.00606;10;
2;CZE;Středočeský;Křečhoř;;E15.12712;N50.02562;10;
2;CZE;Středočeský;Křečkov;;E15.11437;N50.18006;10;
2;CZE;Středočeský;Křečovice;;E14.47563;N49.72141;10;
2;CZE;Středočeský;Křenek;;E14.62955;N50.22964;10;
2;CZE;Středočeský;Křenice;;E14.66861;N50.03110;10;
2;CZE;Středočeský;Křepenice;;E14.34766;N49.70299;10;
2;CZE;Středočeský;Křesetice;;E15.26295;N49.90723;10;
2;CZE;Středočeský;Křešín;;E13.94817;N49.79955;10;
2;CZE;Středočeský;Křinec;;E15.13792;N50.26458;10;
2;CZE;Středočeský;Křivoklát;;E13.87047;N50.03795;10;
2;CZE;Středočeský;Křivsoudov;;E15.08746;N49.63307;10;
2;CZE;Středočeský;Křížkový Újezdec;;E14.58546;N49.93088;10;
2;CZE;Středočeský;Kšely;;E14.90203;N50.04352;10;
2;CZE;Středočeský;Kublov;;E13.87677;N49.94380;10;
2;CZE;Středočeský;Kunice;;E14.67160;N49.93665;10;
2;CZE;Středočeský;Kuňovice;;E14.99952;N49.65838;10;
2;CZE;Středočeský;Kutná Hora;;E15.26875;N49.95253;10;
2;CZE;Středočeský;Kutrovice;;E14.01897;N50.26165;10;
2;CZE;Středočeský;Květnice;;E14.68422;N50.05736;10;
2;CZE;Středočeský;Kvílice;;E14.00242;N50.25815;10;
2;CZE;Středočeský;Kyšice;;E14.10634;N50.09129;10;
2;CZE;Středočeský;Kytín;;E14.21915;N49.85072;10;
2;CZE;Středočeský;Lány;;E13.95051;N50.12481;10;
2;CZE;Středočeský;Lašovice;;E13.78231;N50.05506;10;
2;CZE;Středočeský;Láz;;E13.91671;N49.65213;10;
2;CZE;Středočeský;Lázně Toušeň;;E14.71611;N50.16937;10;
2;CZE;Středočeský;Lazsko;;E14.00395;N49.62359;10;
2;CZE;Středočeský;Lážovice;;E14.07138;N49.85831;10;
2;CZE;Středočeský;Ledce;;E14.00509;N50.19652;10;
2;CZE;Středočeský;Ledce;;E15.08457;N50.35346;10;
2;CZE;Středočeský;Ledčice;;E14.29457;N50.34105;10;
2;CZE;Středočeský;Ledečko;;E14.94898;N49.84992;10;
2;CZE;Středočeský;Lešany;;E14.52505;N49.84426;10;
2;CZE;Středočeský;Lešetice;;E14.02119;N49.64730;10;
2;CZE;Středočeský;Lety;;E14.25531;N49.92110;10;
2;CZE;Středočeský;Lhota;;E14.01191;N50.08874;10;
2;CZE;Středočeský;Lhota;;E14.65652;N50.24330;10;
2;CZE;Středočeský;Lhota u Příbramě;;E13.98064;N49.71425;10;
2;CZE;Středočeský;Lhotka;;E13.99633;N49.83232;10;
2;CZE;Středočeský;Lhotka;;E14.54888;N50.37146;10;
2;CZE;Středočeský;Lhotky;;E15.05295;N50.39640;10;
2;CZE;Středočeský;Libčice nad Vltavou;;E14.36278;N50.19912;10;
2;CZE;Středočeský;Liběchov;;E14.44685;N50.40793;10;
2;CZE;Středočeský;Libenice;;E15.25800;N49.98457;10;
2;CZE;Středočeský;Libeř;;E14.48072;N49.92425;10;
2;CZE;Středočeský;Líbeznice;;E14.49368;N50.19207;10;
2;CZE;Středočeský;Libež;;E14.91687;N49.75752;10;
2;CZE;Středočeský;Libice nad Cidlinou;;E15.17830;N50.12687;10;
2;CZE;Středočeský;Libiš;;E14.50251;N50.27427;10;
2;CZE;Středočeský;Liblice;;E14.59051;N50.31343;10;
2;CZE;Středočeský;Libodřice;;E15.08838;N50.00441;10;
2;CZE;Středočeský;Libochovičky;;E14.23970;N50.17267;10;
2;CZE;Středočeský;Libomyšl;;E13.99873;N49.87263;10;
2;CZE;Středočeský;Libovice;;E14.01645;N50.23570;10;
2;CZE;Středočeský;Libušín;;E14.05469;N50.16829;10;
2;CZE;Středočeský;Lidice;;E14.19023;N50.14362;10;
2;CZE;Středočeský;Lichoceves;;E14.28435;N50.15286;10;
2;CZE;Středočeský;Lipec;;E15.36466;N50.08508;10;
2;CZE;Středočeský;Lipník;;E14.91253;N50.27264;10;
2;CZE;Středočeský;Líský;;E13.92903;N50.25066;10;
2;CZE;Středočeský;Lišany;;E13.74203;N50.14745;10;
2;CZE;Středočeský;Líšnice;;E14.31906;N49.88888;10;
2;CZE;Středočeský;Liteň;;E14.14909;N49.90381;10;
2;CZE;Středočeský;Litichovice;;E14.85067;N49.78303;10;
2;CZE;Středočeský;Lobeč;;E14.66688;N50.46056;10;
2;CZE;Středočeský;Loděnice;;E14.15795;N49.99496;10;
2;CZE;Středočeský;Lochovice;;E13.98137;N49.85328;10;
2;CZE;Středočeský;Loket;;E15.11699;N49.65559;10;
2;CZE;Středočeský;Lošany;;E15.12604;N49.99764;10;
2;CZE;Středočeský;Loucká;;E14.23912;N50.32757;10;
2;CZE;Středočeský;Loučeň;;E15.02016;N50.28581;10;
2;CZE;Středočeský;Loukov;;E15.03573;N50.56138;10;
2;CZE;Středočeský;Loukovec;;E15.01581;N50.56201;10;
2;CZE;Středočeský;Louňovice;;E14.76184;N49.98236;10;
2;CZE;Středočeský;Louňovice pod Blaníkem;;E14.84679;N49.63733;10;
2;CZE;Středočeský;Lštění;;E14.71437;N49.86438;10;
2;CZE;Středočeský;Lubná;;E13.70084;N50.07703;10;
2;CZE;Středočeský;Luštěnice;;E14.93678;N50.32305;10;
2;CZE;Středočeský;Lužce;;E14.19682;N49.98422;10;
2;CZE;Středočeský;Lužec nad Vltavou;;E14.40032;N50.32148;10;
2;CZE;Středočeský;Lužná;;E13.77015;N50.12387;10;
2;CZE;Středočeský;Lysá nad Labem;;E14.83291;N50.20153;10;
2;CZE;Středočeský;Makotřasy;;E14.21480;N50.14458;10;
2;CZE;Středočeský;Malá Hraštice;;E14.27997;N49.80760;10;
2;CZE;Středočeský;Malá Víska;;E13.87562;N49.77612;10;
2;CZE;Středočeský;Malé Kyšice;;E14.09042;N50.06119;10;
2;CZE;Středočeský;Malé Přítočno;;E14.13571;N50.10779;10;
2;CZE;Středočeský;Malešov;;E15.22444;N49.91111;10;
2;CZE;Středočeský;Malíkovice;;E13.98265;N50.21150;10;
2;CZE;Středočeský;Malinová;;E13.66703;N50.04792;10;
2;CZE;Středočeský;Málkov;;E14.02365;N49.88831;10;
2;CZE;Středočeský;Malotice;;E14.97772;N49.96529;10;
2;CZE;Středočeský;Malý Újezd;;E14.52968;N50.33257;10;
2;CZE;Středočeský;Maršovice;;E14.56461;N49.71367;10;
2;CZE;Středočeský;Máslovice;;E14.37903;N50.20872;10;
2;CZE;Středočeský;Masojedy;;E14.77798;N50.02607;10;
2;CZE;Středočeský;Mcely;;E15.07598;N50.29435;10;
2;CZE;Středočeský;Mečeříž;;E14.73690;N50.29048;10;
2;CZE;Středočeský;Medonosy;;E14.48704;N50.49425;10;
2;CZE;Středočeský;Měchenice;;E14.38937;N49.90827;10;
2;CZE;Středočeský;Mělnické Vtelno;;E14.69521;N50.35241;10;
2;CZE;Středočeský;Mělník;;E14.48188;N50.35400;10;
2;CZE;Středočeský;Měňany;;E14.11779;N49.91010;10;
2;CZE;Středočeský;Městec Králové;;E15.29768;N50.20728;10;
2;CZE;Středočeský;Městečko;;E13.86367;N50.05073;10;
2;CZE;Středočeský;Měšice;;E14.52002;N50.19809;10;
2;CZE;Středočeský;Mezno;;E14.64504;N49.53462;10;
2;CZE;Středočeský;Mezouň;;E14.21427;N50.00437;10;
2;CZE;Středočeský;Milčice;;E14.99180;N50.10547;10;
2;CZE;Středočeský;Milešov;;E14.22151;N49.58933;10;
2;CZE;Středočeský;Miličín;;E14.66151;N49.57079;10;
2;CZE;Středočeský;Milín;;E14.04610;N49.63202;10;
2;CZE;Středočeský;Milostín;;E13.66920;N50.19382;10;
2;CZE;Středočeský;Milovice;;E14.88873;N50.22606;10;
2;CZE;Středočeský;Milý;;E13.86714;N50.23277;10;
2;CZE;Středočeský;Mirošovice;;E14.71130;N49.90994;10;
2;CZE;Středočeský;Miřetice;;E14.97663;N49.65904;10;
2;CZE;Středočeský;Miskovice;;E15.20482;N49.94622;10;
2;CZE;Středočeský;Mladá Boleslav;;E14.90853;N50.41352;10;
2;CZE;Středočeský;Mnichovice;;E15.03968;N49.66870;10;
2;CZE;Středočeský;Mnichovice;;E14.70917;N49.93611;10;
2;CZE;Středočeský;Mnichovo Hradiště;;E14.97210;N50.52702;10;
2;CZE;Středočeský;Mníšek pod Brdy;;E14.26186;N49.86660;10;
2;CZE;Středočeský;Močovice;;E15.34829;N49.90641;10;
2;CZE;Středočeský;Modletice;;E14.59118;N49.97026;10;
2;CZE;Středočeský;Modřovice;;E13.95648;N49.61746;10;
2;CZE;Středočeský;Mohelnice nad Jizerou;;E14.97762;N50.55989;10;
2;CZE;Středočeský;Mochov;;E14.79506;N50.14192;10;
2;CZE;Středočeský;Mokrovraty;;E14.25023;N49.79577;10;
2;CZE;Středočeský;Mořina;;E14.20874;N49.95294;10;
2;CZE;Středočeský;Mořinka;;E14.23727;N49.93908;10;
2;CZE;Středočeský;Mrač;;E14.69061;N49.82975;10;
2;CZE;Středočeský;Mratín;;E14.55108;N50.20315;10;
2;CZE;Středočeský;Mrzky;;E14.81012;N50.04472;10;
2;CZE;Středočeský;Mšec;;E13.89843;N50.20529;10;
2;CZE;Středočeský;Mšecké Žehrovice;;E13.92323;N50.17911;10;
2;CZE;Středočeský;Mšeno;;E14.63261;N50.43819;10;
2;CZE;Středočeský;Mukařov;;E14.92579;N50.56925;10;
2;CZE;Středočeský;Mukařov;;E14.74165;N49.99125;10;
2;CZE;Středočeský;Mutějovice;;E13.70961;N50.19435;10;
2;CZE;Středočeský;Načeradec;;E14.90643;N49.61028;10;
2;CZE;Středočeský;Nalžovice;;E14.37085;N49.69869;10;
2;CZE;Středočeský;Narysov;;E13.97098;N49.64095;10;
2;CZE;Středočeský;Nebovidy;;E15.21958;N49.99162;10;
2;CZE;Středočeský;Nebužely;;E14.59090;N50.39040;10;
2;CZE;Středočeský;Nečín;;E14.23414;N49.69854;10;
2;CZE;Středočeský;Nedomice;;E14.61606;N50.25976;10;
2;CZE;Středočeský;Nedrahovice;;E14.45583;N49.60906;10;
2;CZE;Středočeský;Nehvizdy;;E14.73004;N50.13066;10;
2;CZE;Středočeský;Nechvalice;;E14.39666;N49.57664;10;
2;CZE;Středočeský;Nelahozeves;;E14.29891;N50.26158;10;
2;CZE;Středočeský;Němčice;;E15.29414;N50.08448;10;
2;CZE;Středočeský;Němčice;;E14.92666;N50.34686;10;
2;CZE;Středočeský;Nemyslovice;;E14.76393;N50.35854;10;
2;CZE;Středočeský;Nenačovice;;E14.13907;N50.01922;10;
2;CZE;Středočeský;Nepoměřice;;E15.14890;N49.88086;10;
2;CZE;Středočeský;Nepomuk;;E13.83736;N49.64289;10;
2;CZE;Středočeský;Neprobylice;;E14.02771;N50.26405;10;
2;CZE;Středočeský;Nepřevázka;;E14.91642;N50.37841;10;
2;CZE;Středočeský;Neratovice;;E14.51770;N50.25936;10;
2;CZE;Středočeský;Nespeky;;E14.65946;N49.85941;10;
2;CZE;Středočeský;Nestrašovice;;E14.02615;N49.56045;10;
2;CZE;Středočeský;Nesuchyně;;E13.68800;N50.17966;10;
2;CZE;Středočeský;Nesvačily;;E14.12446;N49.88136;10;
2;CZE;Středočeský;Netřebice;;E15.14289;N50.21320;10;
2;CZE;Středočeský;Netvořice;;E14.51838;N49.81579;10;
2;CZE;Středočeský;Neuměřice;;E14.22009;N50.24178;10;
2;CZE;Středočeský;Neumětely;;E14.03671;N49.85256;10;
2;CZE;Středočeský;Neustupov;;E14.69870;N49.61510;10;
2;CZE;Středočeský;Neveklov;;E14.53301;N49.75383;10;
2;CZE;Středočeský;Neveklovice;;E14.94848;N50.57023;10;
2;CZE;Středočeský;Nezabudice;;E13.82222;N50.01327;10;
2;CZE;Středočeský;Niměřice;;E14.80854;N50.39588;10;
2;CZE;Středočeský;Nižbor;;E14.00105;N49.99906;10;
2;CZE;Středočeský;Nosálov;;E14.67076;N50.47358;10;
2;CZE;Středočeský;Nová Telib;;E15.03296;N50.39127;10;
2;CZE;Středočeský;Nová Ves;;E14.30828;N50.31289;10;
2;CZE;Středočeský;Nová Ves;;E14.53573;N50.21932;10;
2;CZE;Středočeský;Nová Ves I;;E15.14455;N50.05224;10;
2;CZE;Středočeský;Nová Ves pod Pleší;;E14.27533;N49.83186;10;
2;CZE;Středočeský;Nová Ves u Bakova;;E14.92649;N50.49077;10;
2;CZE;Středočeský;Nové Dvory;;E15.32497;N49.97068;10;
2;CZE;Středočeský;Nové Dvory;;E14.35702;N49.80332;10;
2;CZE;Středočeský;Nové Strašecí;;E13.90053;N50.15282;10;
2;CZE;Středočeský;Nový Dům;;E13.83100;N50.08824;10;
2;CZE;Středočeský;Nový Dvůr;;E15.02216;N50.23811;10;
2;CZE;Středočeský;Nový Jáchymov;;E13.94329;N49.98086;10;
2;CZE;Středočeský;Nový Knín;;E14.29366;N49.78810;10;
2;CZE;Středočeský;Nový Vestec;;E14.72040;N50.18386;10;
2;CZE;Středočeský;Nučice;;E14.88450;N49.95562;10;
2;CZE;Středočeský;Nučice;;E14.23007;N50.01858;10;
2;CZE;Středočeský;Nupaky;;E14.60233;N49.99405;10;
2;CZE;Středočeský;Nymburk;;E15.04376;N50.18568;10;
2;CZE;Středočeský;Občov;;E14.06699;N49.71320;10;
2;CZE;Středočeský;Obecnice;;E13.94741;N49.71626;10;
2;CZE;Středočeský;Obory;;E14.21647;N49.68050;10;
2;CZE;Středočeský;Obořiště;;E14.15195;N49.74235;10;
2;CZE;Středočeský;Obrubce;;E15.06372;N50.44795;10;
2;CZE;Středočeský;Obruby;;E15.08241;N50.46022;10;
2;CZE;Středočeský;Obříství;;E14.47849;N50.29598;10;
2;CZE;Středočeský;Odolena Voda;;E14.41088;N50.23351;10;
2;CZE;Středočeský;Odřepsy;;E15.18884;N50.14424;10;
2;CZE;Středočeský;Ohaře;;E15.29512;N50.09788;10;
2;CZE;Středočeský;Ohrazenice;;E13.95981;N49.78714;10;
2;CZE;Středočeský;Ohrobec;;E14.43213;N49.94182;10;
2;CZE;Středočeský;Okoř;;E14.25872;N50.16201;10;
2;CZE;Středočeský;Okrouhlo;;E14.44741;N49.91892;10;
2;CZE;Středočeský;Okřesaneč;;E15.47584;N49.85252;10;
2;CZE;Středočeský;Okřínek;;E15.19242;N50.16439;10;
2;CZE;Středočeský;Olbramovice;;E14.64095;N49.67328;10;
2;CZE;Středočeský;Oleška;;E14.91678;N49.97169;10;
2;CZE;Středočeský;Olešná;;E13.81011;N49.78046;10;
2;CZE;Středočeský;Olešná;;E13.69596;N50.12859;10;
2;CZE;Středočeský;Olovnice;;E14.24048;N50.23469;10;
2;CZE;Středočeský;Ondřejov;;E14.78431;N49.90471;10;
2;CZE;Středočeský;Onomyšl;;E15.12436;N49.89933;10;
2;CZE;Středočeský;Opatovice I;;E15.24858;N49.85525;10;
2;CZE;Středočeský;Oplany;;E14.86740;N49.92426;10;
2;CZE;Středočeský;Opočnice;;E15.25777;N50.17258;10;
2;CZE;Středočeský;Opolany;;E15.21710;N50.13081;10;
2;CZE;Středočeský;Oráčov;;E13.54900;N50.11164;10;
2;CZE;Středočeský;Ořech;;E14.29665;N50.02020;10;
2;CZE;Středočeský;Osečany;;E14.43772;N49.69782;10;
2;CZE;Středočeský;Oseček;;E15.14869;N50.10165;10;
2;CZE;Středočeský;Osek;;E13.85862;N49.81974;10;
2;CZE;Středočeský;Oskořínek;;E15.08410;N50.24015;10;
2;CZE;Středočeský;Osov;;E14.08402;N49.84447;10;
2;CZE;Středočeský;Ostrá;;E14.89300;N50.18053;10;
2;CZE;Středočeský;Ostrov;;E14.85119;N49.66540;10;
2;CZE;Středočeský;Ostrov;;E14.01460;N49.61121;10;
2;CZE;Středočeský;Ostředek;;E14.83240;N49.83489;10;
2;CZE;Středočeský;Otmíče;;E13.94725;N49.86914;10;
2;CZE;Středočeský;Otročiněves;;E13.97886;N49.98059;10;
2;CZE;Středočeský;Otvovice;;E14.27303;N50.21166;10;
2;CZE;Středočeský;Ouběnice;;E14.15993;N49.71774;10;
2;CZE;Středočeský;Ovčáry;;E15.23960;N50.06288;10;
2;CZE;Středočeský;Ovčáry;;E14.61396;N50.25315;10;
2;CZE;Středočeský;Paběnice;;E15.30242;N49.84174;10;
2;CZE;Středočeský;Páleč;;E14.04968;N50.31202;10;
2;CZE;Středočeský;Panenské Břežany;;E14.44021;N50.21386;10;
2;CZE;Středočeský;Panoší Újezd;;E13.71691;N50.03610;10;
2;CZE;Středočeský;Pašinka;;E15.18629;N49.99645;10;
2;CZE;Středočeský;Pátek;;E15.15856;N50.16561;10;
2;CZE;Středočeský;Pavlíkov;;E13.73647;N50.05609;10;
2;CZE;Středočeský;Pavlov;;E14.16715;N50.09648;10;
2;CZE;Středočeský;Pavlovice;;E14.93321;N49.71521;10;
2;CZE;Středočeský;Pečice;;E14.10559;N49.60051;10;
2;CZE;Středočeský;Pěčice;;E15.00409;N50.35125;10;
2;CZE;Středočeský;Pečky;;E15.03027;N50.09052;10;
2;CZE;Středočeský;Pertoltice;;E15.18171;N49.75491;10;
2;CZE;Středočeský;Pětihosty;;E14.70552;N49.88646;10;
2;CZE;Středočeský;Pětikozly;;E14.81195;N50.41151;10;
2;CZE;Středočeský;Petkovy;;E15.07692;N50.41328;10;
2;CZE;Středočeský;Petroupim;;E14.75269;N49.80835;10;
2;CZE;Středočeský;Petrov;;E14.43383;N49.88649;10;
2;CZE;Středočeský;Petrovice;;E14.33747;N49.55436;10;
2;CZE;Středočeský;Petrovice;;E13.63928;N50.06736;10;
2;CZE;Středočeský;Petrovice I;;E15.29729;N49.81106;10;
2;CZE;Středočeský;Petrovice II;;E15.06351;N49.81004;10;
2;CZE;Středočeský;Petříkov;;E14.61706;N49.92530;10;
2;CZE;Středočeský;Pchery;;E14.11792;N50.19388;10;
2;CZE;Středočeský;Pičín;;E14.05790;N49.74554;10;
2;CZE;Středočeský;Písková Lhota;;E14.87473;N50.36784;10;
2;CZE;Středočeský;Písková Lhota;;E15.06586;N50.13142;10;
2;CZE;Středočeský;Písty;;E15.00136;N50.16464;10;
2;CZE;Středočeský;Plaňany;;E15.02954;N50.05020;10;
2;CZE;Středočeský;Plazy;;E14.97513;N50.41413;10;
2;CZE;Středočeský;Pletený Újezd;;E14.11617;N50.10943;10;
2;CZE;Středočeský;Plchov;;E13.98672;N50.25527;10;
2;CZE;Středočeský;Plužná;;E14.80426;N50.47380;10;
2;CZE;Středočeský;Pňov-Předhradí;;E15.14759;N50.08652;10;
2;CZE;Středočeský;Počaply;;E13.98356;N49.53877;10;
2;CZE;Středočeský;Počepice;;E14.38094;N49.59611;10;
2;CZE;Středočeský;Podbrdy;;E14.12669;N49.86307;10;
2;CZE;Středočeský;Poděbrady;;E15.11898;N50.14252;10;
2;CZE;Středočeský;Podlesí;;E13.98194;N49.69039;10;
2;CZE;Středočeský;Podlešín;;E14.16036;N50.22112;10;
2;CZE;Středočeský;Podluhy;;E13.91363;N49.81572;10;
2;CZE;Středočeský;Podmoky;;E15.23229;N50.19156;10;
2;CZE;Středočeský;Podolanka;;E14.60103;N50.15921;10;
2;CZE;Středočeský;Podveky;;E14.99410;N49.82514;10;
2;CZE;Středočeský;Pohoří;;E14.52512;N49.90002;10;
2;CZE;Středočeský;Pochvalov;;E13.79437;N50.22754;10;
2;CZE;Středočeský;Polepy;;E15.20608;N50.00477;10;
2;CZE;Středočeský;Polerady;;E14.59349;N50.20067;10;
2;CZE;Středočeský;Polní Chrčice;;E15.29680;N50.11010;10;
2;CZE;Středočeský;Polní Voděrady;;E15.09533;N49.99240;10;
2;CZE;Středočeský;Popovice;;E14.75256;N49.69549;10;
2;CZE;Středočeský;Popovičky;;E14.59790;N49.96264;10;
2;CZE;Středočeský;Poříčany;;E14.91828;N50.10816;10;
2;CZE;Středočeský;Poříčí nad Sázavou;;E14.67456;N49.83905;10;
2;CZE;Středočeský;Postřižín;;E14.38681;N50.23309;10;
2;CZE;Středočeský;Postupice;;E14.77749;N49.72814;10;
2;CZE;Středočeský;Poštovice;;E14.13794;N50.31279;10;
2;CZE;Středočeský;Potěhy;;E15.42020;N49.86946;10;
2;CZE;Středočeský;Pozdeň;;E13.94365;N50.24215;10;
2;CZE;Středočeský;Praskolesy;;E13.93353;N49.86598;10;
2;CZE;Středočeský;Pravonín;;E14.94347;N49.63568;10;
2;CZE;Středočeský;Prodašice;;E15.11676;N50.35006;10;
2;CZE;Středočeský;Prosenická Lhota;;E14.48279;N49.68973;10;
2;CZE;Středočeský;Průhonice;;E14.56040;N50.00181;10;
2;CZE;Středočeský;Prusice;;E14.87796;N49.96845;10;
2;CZE;Středočeský;Předboj;;E14.47683;N50.22549;10;
2;CZE;Středočeský;Předměřice nad Jizerou;;E14.78137;N50.25558;10;
2;CZE;Středočeský;Přehvozdí;;E14.84007;N50.02750;10;
2;CZE;Středočeský;Přelíc;;E14.04596;N50.20572;10;
2;CZE;Středočeský;Přepeře;;E15.10199;N50.46772;10;
2;CZE;Středočeský;Přerov nad Labem;;E14.82512;N50.16037;10;
2;CZE;Středočeský;Přerubenice;;E13.84113;N50.21727;10;
2;CZE;Středočeský;Přestavlky u Čerčan;;E14.74423;N49.85310;10;
2;CZE;Středočeský;Přezletice;;E14.57550;N50.15530;10;
2;CZE;Středočeský;Příbram;;E13.99904;N49.68553;10;
2;CZE;Středočeský;Příčina;;E13.66737;N50.06583;10;
2;CZE;Středočeský;Příčovy;;E14.38968;N49.67287;10;
2;CZE;Středočeský;Přílepy;;E13.63270;N50.12328;10;
2;CZE;Středočeský;Přistoupim;;E14.87868;N50.05421;10;
2;CZE;Středočeský;Přišimasy;;E14.76400;N50.04961;10;
2;CZE;Středočeský;Psáry;;E14.51286;N49.93632;10;
2;CZE;Středočeský;Psáře;;E14.96193;N49.75578;10;
2;CZE;Středočeský;Pšovlky;;E13.59401;N50.10794;10;
2;CZE;Středočeský;Ptice;;E14.16607;N50.05287;10;
2;CZE;Středočeský;Ptýrov;;E14.94723;N50.50493;10;
2;CZE;Středočeský;Pustověty;;E13.81411;N50.05570;10;
2;CZE;Středočeský;Pyšely;;E14.67723;N49.87688;10;
2;CZE;Středočeský;Rabakov;;E15.10164;N50.38575;10;
2;CZE;Středočeský;Rabyně;;E14.43620;N49.81429;10;
2;CZE;Středočeský;Račice;;E13.92303;N50.02483;10;
2;CZE;Středočeský;Radějovice;;E14.56487;N49.94732;10;
2;CZE;Středočeský;Radětice;;E14.07882;N49.63992;10;
2;CZE;Středočeský;Radíč;;E14.41749;N49.71476;10;
2;CZE;Středočeský;Radim;;E15.01254;N50.07016;10;
2;CZE;Středočeský;Radonice;;E14.61036;N50.14316;10;
2;CZE;Středočeský;Radošovice;;E14.86765;N49.74109;10;
2;CZE;Středočeský;Radovesnice I;;E15.15100;N50.01049;10;
2;CZE;Středočeský;Radovesnice II;;E15.36782;N50.10416;10;
2;CZE;Středočeský;Rakovník;;E13.73976;N50.10622;10;
2;CZE;Středočeský;Rašovice;;E15.10248;N49.88264;10;
2;CZE;Středočeský;Rataje;;E14.97055;N49.70416;10;
2;CZE;Středočeský;Rataje nad Sázavou;;E14.95682;N49.84194;10;
2;CZE;Středočeský;Ratboř;;E15.15934;N49.97818;10;
2;CZE;Středočeský;Ratenice;;E15.05936;N50.09171;10;
2;CZE;Středočeský;Ratměřice;;E14.75627;N49.64335;10;
2;CZE;Středočeský;Roblín;;E14.24866;N49.96193;10;
2;CZE;Středočeský;Rohatsko;;E15.10484;N50.44038;10;
2;CZE;Středočeský;Rohozec;;E15.38474;N49.97612;10;
2;CZE;Středočeský;Rokytá;;E14.86930;N50.56376;10;
2;CZE;Středočeský;Rokytovec;;E14.83078;N50.40662;10;
2;CZE;Středočeský;Rosovice;;E14.10907;N49.75675;10;
2;CZE;Středočeský;Rostoklaty;;E14.80155;N50.07432;10;
2;CZE;Středočeský;Roztoky;;E14.39771;N50.15851;10;
2;CZE;Středočeský;Roztoky;;E13.86797;N50.02682;10;
2;CZE;Středočeský;Rožďalovice;;E15.16972;N50.30486;10;
2;CZE;Středočeský;Rožmitál pod Třemšínem;;E13.86583;N49.60186;10;
2;CZE;Středočeský;Rpety;;E13.93859;N49.82837;10;
2;CZE;Středočeský;Ruda;;E13.87580;N50.14089;10;
2;CZE;Středočeský;Rudná;;E14.23445;N50.03512;10;
2;CZE;Středočeský;Rybníky;;E14.20600;N49.75274;10;
2;CZE;Středočeský;Rynholec;;E13.92232;N50.13803;10;
2;CZE;Středočeský;Řehenice;;E14.65033;N49.86984;10;
2;CZE;Středočeský;Řendějov;;E15.08047;N49.76794;10;
2;CZE;Středočeský;Řepín;;E14.63467;N50.36664;10;
2;CZE;Středočeský;Řepov;;E14.95710;N50.40243;10;
2;CZE;Středočeský;Řeřichy;;E13.58593;N50.07927;10;
2;CZE;Středočeský;Řevnice;;E14.23587;N49.91406;10;
2;CZE;Středočeský;Řevničov;;E13.80834;N50.18499;10;
2;CZE;Středočeský;Říčany;;E14.65437;N49.99177;10;
2;CZE;Středočeský;Řimovice;;E14.94310;N49.69644;10;
2;CZE;Středočeský;Řisuty;;E14.00508;N50.21659;10;
2;CZE;Středočeský;Řitka;;E14.29934;N49.89461;10;
2;CZE;Středočeský;Řitonice;;E15.10805;N50.40830;10;
2;CZE;Středočeský;Sádek;;E13.98323;N49.73331;10;
2;CZE;Středočeský;Sadská;;E14.98644;N50.13606;10;
2;CZE;Středočeský;Samopše;;E14.92949;N49.86153;10;
2;CZE;Středočeský;Sány;;E15.24774;N50.12475;10;
2;CZE;Středočeský;Sázava;;E14.89684;N49.87174;10;
2;CZE;Středočeský;Sazená;;E14.28736;N50.30527;10;
2;CZE;Středočeský;Sedlčany;;E14.42674;N49.66067;10;
2;CZE;Středočeský;Sedlec;;E14.79583;N50.30083;10;
2;CZE;Středočeský;Sedlec;;E14.45797;N50.18683;10;
2;CZE;Středočeský;Sedlec-Prčice;;E14.53310;N49.57331;10;
2;CZE;Středočeský;Sedlice;;E13.88088;N49.62186;10;
2;CZE;Středočeský;Seletice;;E15.09710;N50.32044;10;
2;CZE;Středočeský;Semčice;;E15.00701;N50.36827;10;
2;CZE;Středočeský;Semice;;E14.87157;N50.16426;10;
2;CZE;Středočeský;Semtěš;;E15.51441;N49.96003;10;
2;CZE;Středočeský;Senec;;E13.70697;N50.06684;10;
2;CZE;Středočeský;Senice;;E15.20767;N50.18433;10;
2;CZE;Středočeský;Senohraby;;E14.71819;N49.89550;10;
2;CZE;Středočeský;Senomaty;;E13.65382;N50.09828;10;
2;CZE;Středočeský;Sezemice;;E15.00519;N50.58565;10;
2;CZE;Středočeský;Schořov;;E15.38000;N49.85822;10;
2;CZE;Středočeský;Sibřina;;E14.66951;N50.05674;10;
2;CZE;Středočeský;Skalsko;;E14.75913;N50.42722;10;
2;CZE;Středočeský;Skorkov;;E14.74937;N50.23180;10;
2;CZE;Středočeský;Skryje;;E13.76460;N49.96495;10;
2;CZE;Středočeský;Skřipel;;E14.06713;N49.84208;10;
2;CZE;Středočeský;Skuhrov;;E14.14682;N49.87342;10;
2;CZE;Středočeský;Skvrňov;;E15.00192;N49.89720;10;
2;CZE;Středočeský;Slabce;;E13.71488;N50.00017;10;
2;CZE;Středočeský;Slaný;;E14.08704;N50.23056;10;
2;CZE;Středočeský;Slapy;;E14.39622;N49.81541;10;
2;CZE;Středočeský;Slatina;;E14.22084;N50.22426;10;
2;CZE;Středočeský;Slavošov;;E15.15207;N49.76227;10;
2;CZE;Středočeský;Sloveč;;E15.32689;N50.22994;10;
2;CZE;Středočeský;Slověnice;;E14.88519;N49.75738;10;
2;CZE;Středočeský;Sluhy;;E14.55778;N50.19253;10;
2;CZE;Středočeský;Sluštice;;E14.68550;N50.03914;10;
2;CZE;Středočeský;Smečno;;E14.04047;N50.18854;10;
2;CZE;Středočeský;Smilkov;;E14.61750;N49.60259;10;
2;CZE;Středočeský;Smilovice;;E14.96115;N50.30662;10;
2;CZE;Středočeský;Smilovice;;E13.80780;N50.24704;10;
2;CZE;Středočeský;Smolotely;;E14.13566;N49.62069;10;
2;CZE;Středočeský;Snět;;E15.22692;N49.62654;10;
2;CZE;Středočeský;Soběhrdy;;E14.73431;N49.82112;10;
2;CZE;Středočeský;Soběšín;;E14.95597;N49.79116;10;
2;CZE;Středočeský;Sojovice;;E14.76213;N50.22223;10;
2;CZE;Středočeský;Sokoleč;;E15.10702;N50.09851;10;
2;CZE;Středočeský;Solenice;;E14.19588;N49.61767;10;
2;CZE;Středočeský;Souňov;;E15.31566;N49.88012;10;
2;CZE;Středočeský;Soutice;;E15.05302;N49.72620;10;
2;CZE;Středočeský;Sovínky;;E14.78718;N50.37317;10;
2;CZE;Středočeský;Spomyšl;;E14.36063;N50.33553;10;
2;CZE;Středočeský;Srbeč;;E13.88345;N50.22471;10;
2;CZE;Středočeský;Srbsko;;E14.13602;N49.93727;10;
2;CZE;Středočeský;Staňkovice;;E15.01519;N49.87548;10;
2;CZE;Středočeský;Stará Huť;;E14.19746;N49.78235;10;
2;CZE;Středočeský;Stará Lysá;;E14.79924;N50.22474;10;
2;CZE;Středočeský;Starkoč;;E15.50766;N49.93735;10;
2;CZE;Středočeský;Starosedlský Hrádek;;E14.00832;N49.57629;10;
2;CZE;Středočeský;Starý Kolín;;E15.29398;N50.00987;10;
2;CZE;Středočeský;Starý Vestec;;E14.84645;N50.14482;10;
2;CZE;Středočeský;Stašov;;E13.95763;N49.88344;10;
2;CZE;Středočeský;Statenice;;E14.31864;N50.14267;10;
2;CZE;Středočeský;Stehelčeves;;E14.19095;N50.17174;10;
2;CZE;Středočeský;Stochov;;E13.96356;N50.14641;10;
2;CZE;Středočeský;Stradonice;;E14.04703;N50.29146;10;
2;CZE;Středočeský;Straky;;E14.95934;N50.23368;10;
2;CZE;Středočeský;Strančice;;E14.67755;N49.94821;10;
2;CZE;Středočeský;Stránka;;E14.66124;N50.42308;10;
2;CZE;Středočeský;Stranný;;E14.49408;N49.75385;10;
2;CZE;Středočeský;Strašnov;;E14.88928;N50.35161;10;
2;CZE;Středočeský;Stratov;;E14.90991;N50.19305;10;
2;CZE;Středočeský;Strážiště;;E14.92930;N50.59245;10;
2;CZE;Středočeský;Strenice;;E14.82316;N50.39265;10;
2;CZE;Středočeský;Strojetice;;E15.06612;N49.65163;10;
2;CZE;Středočeský;Struhařov;;E14.76231;N49.76563;10;
2;CZE;Středočeský;Struhařov;;E14.74454;N49.95202;10;
2;CZE;Středočeský;Středokluky;;E14.23430;N50.13228;10;
2;CZE;Středočeský;Střemy;;E14.56562;N50.38426;10;
2;CZE;Středočeský;Střezimíř;;E14.61143;N49.53210;10;
2;CZE;Středočeský;Stříbrná Skalice;;E14.84626;N49.89776;10;
2;CZE;Středočeský;Studeněves;;E14.04449;N50.22422;10;
2;CZE;Středočeský;Studený;;E15.12781;N49.60751;10;
2;CZE;Středočeský;Sudějov;;E15.10394;N49.86079;10;
2;CZE;Středočeský;Sudoměř;;E14.73948;N50.44508;10;
2;CZE;Středočeský;Sudovo Hlavno;;E14.68542;N50.26285;10;
2;CZE;Středočeský;Suchdol;;E15.16661;N49.95257;10;
2;CZE;Středočeský;Suchodol;;E14.08252;N49.72414;10;
2;CZE;Středočeský;Suchomasty;;E14.05671;N49.89545;10;
2;CZE;Středočeský;Sukorady;;E15.02910;N50.42634;10;
2;CZE;Středočeský;Sulice;;E14.55673;N49.92572;10;
2;CZE;Středočeský;Svárov;;E14.15064;N50.06202;10;
2;CZE;Středočeský;Svatá;;E13.96172;N49.93923;10;
2;CZE;Středočeský;Svaté Pole;;E14.16908;N49.75141;10;
2;CZE;Středočeský;Svatý Jan;;E14.31109;N49.63693;10;
2;CZE;Středočeský;Svatý Jan pod Skalou;;E14.13327;N49.96901;10;
2;CZE;Středočeský;Svatý Mikuláš;;E15.35059;N49.99101;10;
2;CZE;Středočeský;Svémyslice;;E14.64821;N50.14600;10;
2;CZE;Středočeský;Světice;;E14.66591;N49.97017;10;
2;CZE;Středočeský;Svinaře;;E14.18440;N49.89172;10;
2;CZE;Středočeský;Svinařov;;E14.05037;N50.18141;10;
2;CZE;Středočeský;Svojetice;;E14.73860;N49.97152;10;
2;CZE;Středočeský;Svojetín;;E13.62102;N50.19012;10;
2;CZE;Středočeský;Svojšice;;E15.04320;N50.00323;10;
2;CZE;Středočeský;Svojšice;;E14.04297;N49.57282;10;
2;CZE;Středočeský;Svrkyně;;E14.29495;N50.17146;10;
2;CZE;Středočeský;Sýkořice;;E13.93183;N50.03468;10;
2;CZE;Středočeský;Šanov;;E13.63130;N50.08773;10;
2;CZE;Středočeský;Šebestěnice;;E15.36541;N49.82954;10;
2;CZE;Středočeský;Šestajovice;;E14.68181;N50.10852;10;
2;CZE;Středočeský;Šetějovice;;E15.22258;N49.64527;10;
2;CZE;Středočeský;Šípy;;E13.61656;N50.01442;10;
2;CZE;Středočeský;Škvorec;;E14.73051;N50.04697;10;
2;CZE;Středočeský;Šlapanice;;E14.11131;N50.31477;10;
2;CZE;Středočeský;Štěchovice;;E14.40553;N49.85119;10;
2;CZE;Středočeský;Štětkovice;;E14.50631;N49.67081;10;
2;CZE;Středočeský;Štíhlice;;E14.78005;N50.00566;10;
2;CZE;Středočeský;Štipoklasy;;E15.21339;N49.82470;10;
2;CZE;Středočeský;Švihov;;E13.56440;N50.10993;10;
2;CZE;Středočeský;Tachlovice;;E14.24078;N50.01455;10;
2;CZE;Středočeský;Tatce;;E14.97734;N50.09122;10;
2;CZE;Středočeský;Tehov;;E14.96683;N49.73554;10;
2;CZE;Středočeský;Tehov;;E14.69389;N49.97162;10;
2;CZE;Středočeský;Tehovec;;E14.73039;N49.98159;10;
2;CZE;Středočeský;Těchařovice;;E14.04889;N49.59950;10;
2;CZE;Středočeský;Teplýšovice;;E14.80168;N49.80620;10;
2;CZE;Středočeský;Tetín;;E14.10235;N49.94942;10;
2;CZE;Středočeský;Tichonice;;E14.99238;N49.77716;10;
2;CZE;Středočeský;Tisem;;E14.60806;N49.75573;10;
2;CZE;Středočeský;Tismice;;E14.82116;N50.05627;10;
2;CZE;Středočeský;Tišice;;E14.55422;N50.26990;10;
2;CZE;Středočeský;Tlustice;;E13.88546;N49.85039;10;
2;CZE;Středočeský;Tmaň;;E14.03393;N49.90717;10;
2;CZE;Středočeský;Točník;;E13.88287;N49.88550;10;
2;CZE;Středočeský;Tochovice;;E13.99250;N49.59559;10;
2;CZE;Středočeský;Tomice;;E15.15719;N49.64514;10;
2;CZE;Středočeský;Toušice;;E15.00657;N49.98798;10;
2;CZE;Středočeský;Trhové Dušníky;;E14.01293;N49.71355;10;
2;CZE;Středočeský;Trhový Štěpánov;;E15.01366;N49.71157;10;
2;CZE;Středočeský;Trnová;;E14.35782;N49.91554;10;
2;CZE;Středočeský;Trubín;;E14.00229;N49.94378;10;
2;CZE;Středočeský;Trubská;;E13.99355;N49.95498;10;
2;CZE;Středočeský;Třebestovice;;E14.95835;N50.12470;10;
2;CZE;Středočeský;Třebešice;;E14.83194;N49.77534;10;
2;CZE;Středočeský;Třebešice;;E15.33790;N49.92794;10;
2;CZE;Středočeský;Třebětín;;E15.26946;N49.77084;10;
2;CZE;Středočeský;Třebichovice;;E14.07914;N50.19046;10;
2;CZE;Středočeský;Třebíz;;E13.99090;N50.26972;10;
2;CZE;Středočeský;Třeboc;;E13.75283;N50.21441;10;
2;CZE;Středočeský;Třebonín;;E15.31302;N49.86980;10;
2;CZE;Středočeský;Třebotov;;E14.29127;N49.97251;10;
2;CZE;Středočeský;Třebovle;;E14.96186;N50.02734;10;
2;CZE;Středočeský;Třebsko;;E13.96765;N49.62576;10;
2;CZE;Středočeský;Třebusice;;E14.18074;N50.20087;10;
2;CZE;Středočeský;Tři Dvory;;E15.25659;N50.03205;10;
2;CZE;Středočeský;Třtice;;E13.86359;N50.18510;10;
2;CZE;Středočeský;Tuhaň;;E14.51738;N50.29548;10;
2;CZE;Středočeský;Tuchlovice;;E13.99126;N50.13813;10;
2;CZE;Středočeský;Tuchoměřice;;E14.28229;N50.13553;10;
2;CZE;Středočeský;Tuchoraz;;E14.84930;N50.04872;10;
2;CZE;Středočeský;Tuklaty;;E14.76960;N50.08487;10;
2;CZE;Středočeský;Tupadly;;E15.40356;N49.86910;10;
2;CZE;Středočeský;Tupadly;;E14.47503;N50.44191;10;
2;CZE;Středočeský;Tursko;;E14.32199;N50.19134;10;
2;CZE;Středočeský;Tuřany;;E14.02913;N50.23234;10;
2;CZE;Středočeský;Tuřice;;E14.76926;N50.24890;10;
2;CZE;Středočeský;Tušovice;;E14.03063;N49.57571;10;
2;CZE;Středočeský;Týnec nad Labem;;E15.35846;N50.04211;10;
2;CZE;Středočeský;Týnec nad Sázavou;;E14.58994;N49.83357;10;
2;CZE;Středočeský;Uhlířská Lhota;;E15.39115;N50.07904;10;
2;CZE;Středočeský;Uhlířské Janovice;;E15.06492;N49.88029;10;
2;CZE;Středočeský;Úholičky;;E14.33534;N50.16146;10;
2;CZE;Středočeský;Úhonice;;E14.18632;N50.04344;10;
2;CZE;Středočeský;Uhy;;E14.27396;N50.28433;10;
2;CZE;Středočeský;Újezd;;E13.83757;N49.83135;10;
2;CZE;Středočeský;Újezdec;;E14.42098;N50.28345;10;
2;CZE;Středočeský;Ujkovice;;E15.09954;N50.36696;10;
2;CZE;Středočeský;Úmonín;;E15.27149;N49.88877;10;
2;CZE;Středočeský;Úmyslovice;;E15.17769;N50.20349;10;
2;CZE;Středočeský;Únětice;;E14.35420;N50.15021;10;
2;CZE;Středočeský;Unhošť;;E14.13018;N50.08545;10;
2;CZE;Středočeský;Úvaly;;E14.73094;N50.07383;10;
2;CZE;Středočeský;Úžice;;E14.97280;N49.87212;10;
2;CZE;Středočeský;Úžice;;E14.37895;N50.25300;10;
2;CZE;Středočeský;Václavice;;E14.61365;N49.78940;10;
2;CZE;Středočeský;Václavy;;E13.59452;N50.06379;10;
2;CZE;Středočeský;Vavřinec;;E15.03325;N49.91374;10;
2;CZE;Středočeský;Veleň;;E14.55431;N50.17331;10;
2;CZE;Středočeský;Velenice;;E15.22647;N50.21446;10;
2;CZE;Středočeský;Velenka;;E14.89571;N50.13982;10;
2;CZE;Středočeský;Veletov;;E15.30498;N50.02842;10;
2;CZE;Středočeský;Veliká Ves;;E14.45518;N50.24371;10;
2;CZE;Středočeský;Velim;;E15.10721;N50.05975;10;
2;CZE;Středočeský;Veliš;;E14.82324;N49.66865;10;
2;CZE;Středočeský;Velká Buková;;E13.84729;N50.03466;10;
2;CZE;Středočeský;Velká Dobrá;;E14.06990;N50.10974;10;
2;CZE;Středočeský;Velká Chmelištná;;E13.55165;N50.06373;10;
2;CZE;Středočeský;Velká Lečice;;E14.32358;N49.81481;10;
2;CZE;Středočeský;Velké Popovice;;E14.63945;N49.92262;10;
2;CZE;Středočeský;Velké Přílepy;;E14.31457;N50.16060;10;
2;CZE;Středočeský;Velké Přítočno;;E14.12834;N50.11657;10;
2;CZE;Středočeský;Velké Všelisy;;E14.74516;N50.37913;10;
2;CZE;Středočeský;Velký Borek;;E14.51536;N50.34538;10;
2;CZE;Středočeský;Velký Chlumec;;E14.08712;N49.82779;10;
2;CZE;Středočeský;Velký Osek;;E15.18639;N50.09876;10;
2;CZE;Středočeský;Veltruby;;E15.18464;N50.07069;10;
2;CZE;Středočeský;Veltrusy;;E14.32867;N50.27056;10;
2;CZE;Středočeský;Velvary;;E14.23626;N50.28161;10;
2;CZE;Středočeský;Veselice;;E15.12722;N50.39614;10;
2;CZE;Středočeský;Vestec;;E15.14610;N50.23837;10;
2;CZE;Středočeský;Vestec;;E14.50498;N49.98060;10;
2;CZE;Středočeský;Věšín;;E13.82432;N49.61535;10;
2;CZE;Středočeský;Větrušice;;E14.38351;N50.19090;10;
2;CZE;Středočeský;Vidice;;E15.16559;N49.91671;10;
2;CZE;Středočeský;Vidim;;E14.52593;N50.46795;10;
2;CZE;Středočeský;Vinaře;;E15.50139;N49.90919;10;
2;CZE;Středočeský;Vinařice;;E14.09817;N49.89264;10;
2;CZE;Středočeský;Vinařice;;E14.09117;N50.17595;10;
2;CZE;Středočeský;Vinařice;;E14.95238;N50.37391;10;
2;CZE;Středočeský;Vinec;;E14.86990;N50.39471;10;
2;CZE;Středočeský;Višňová;;E14.14557;N49.70589;10;
2;CZE;Středočeský;Vitice;;E14.91461;N50.03110;10;
2;CZE;Středočeský;Vižina;;E14.10473;N49.85729;10;
2;CZE;Středočeský;Vlačice;;E15.43759;N49.94314;10;
2;CZE;Středočeský;Vlastějovice;;E15.17489;N49.73140;10;
2;CZE;Středočeský;Vlašim;;E14.89891;N49.70642;10;
2;CZE;Středočeský;Vlkančice;;E14.89722;N49.90199;10;
2;CZE;Středočeský;Vlkaneč;;E15.40322;N49.80648;10;
2;CZE;Středočeský;Vlkava;;E14.96143;N50.27143;10;
2;CZE;Středočeský;Vlkov pod Oškobrhem;;E15.22052;N50.15609;10;
2;CZE;Středočeský;Vodochody;;E14.39888;N50.20636;10;
2;CZE;Středočeský;Vodranty;;E15.33640;N49.89046;10;
2;CZE;Středočeský;Vodslivy;;E14.83729;N49.84965;10;
2;CZE;Středočeský;Vojkov;;E14.51990;N49.65232;10;
2;CZE;Středočeský;Vojkovice;;E14.37523;N50.29628;10;
2;CZE;Středočeský;Volárna;;E15.24055;N50.09187;10;
2;CZE;Středočeský;Volenice;;E13.88377;N49.54787;10;
2;CZE;Středočeský;Vonoklasy;;E14.27680;N49.95021;10;
2;CZE;Středočeský;Votice;;E14.63819;N49.64023;10;
2;CZE;Středočeský;Voznice;;E14.21665;N49.81725;10;
2;CZE;Středočeský;Vracovice;;E14.93231;N49.66256;10;
2;CZE;Středočeský;Vraňany;;E14.36180;N50.31729;10;
2;CZE;Středočeský;Vrančice;;E14.04186;N49.61073;10;
2;CZE;Středočeský;Vrané nad Vltavou;;E14.38344;N49.93851;10;
2;CZE;Středočeský;Vranov;;E14.77702;N49.85341;10;
2;CZE;Středočeský;Vranovice;;E13.89907;N49.62272;10;
2;CZE;Středočeský;Vraný;;E14.01725;N50.32718;10;
2;CZE;Středočeský;Vrátkov;;E14.83488;N50.04705;10;
2;CZE;Středočeský;Vrátno;;E14.69369;N50.43270;10;
2;CZE;Středočeský;Vráž;;E14.12902;N49.98344;10;
2;CZE;Středočeský;Vrbčany;;E14.99286;N50.05030;10;
2;CZE;Středočeský;Vrbice;;E15.23061;N50.18101;10;
2;CZE;Středočeský;Vrbičany;;E13.99589;N50.30819;10;
2;CZE;Středočeský;Vrbová Lhota;;E15.06275;N50.11205;10;
2;CZE;Středočeský;Vrdy;;E15.47253;N49.92163;10;
2;CZE;Středočeský;Vrchotovy Janovice;;E14.57790;N49.66691;10;
2;CZE;Středočeský;Všechlapy;;E14.91434;N49.77912;10;
2;CZE;Středočeský;Všechlapy;;E15.02850;N50.22118;10;
2;CZE;Středočeský;Všejany;;E14.95361;N50.25487;10;
2;CZE;Středočeský;Všenory;;E14.30403;N49.92893;10;
2;CZE;Středočeský;Všeradice;;E14.10486;N49.87375;10;
2;CZE;Středočeský;Všestary;;E14.68537;N49.95870;10;
2;CZE;Středočeský;Všestudy;;E14.34268;N50.29091;10;
2;CZE;Středočeský;Všesulov;;E13.61098;N50.03976;10;
2;CZE;Středočeský;Všetaty;;E14.59308;N50.28197;10;
2;CZE;Středočeský;Všetaty;;E13.75775;N50.04620;10;
2;CZE;Středočeský;Vševily;;E13.88264;N49.56527;10;
2;CZE;Středočeský;Vykáň;;E14.81678;N50.11996;10;
2;CZE;Středočeský;Vysoká;;E14.53828;N50.41265;10;
2;CZE;Středočeský;Vysoká u Příbramě;;E13.94849;N49.63432;10;
2;CZE;Středočeský;Vysoký Chlumec;;E14.38986;N49.61775;10;
2;CZE;Středočeský;Vysoký Újezd;;E14.47642;N49.81338;10;
2;CZE;Středočeský;Vysoký Újezd;;E14.20630;N49.99223;10;
2;CZE;Středočeský;Vyšehořovice;;E14.77379;N50.11788;10;
2;CZE;Středočeský;Výžerky;;E14.88346;N49.94515;10;
2;CZE;Středočeský;Vyžlovka;;E14.78919;N49.98475;10;
2;CZE;Středočeský;Xaverov;;E14.88445;N49.84278;10;
2;CZE;Středočeský;Záboří nad Labem;;E15.34997;N50.02531;10;
2;CZE;Středočeský;Zadní Třebaň;;E14.20818;N49.91812;10;
2;CZE;Středočeský;Záhornice;;E15.29102;N50.24773;10;
2;CZE;Středočeský;Zahořany;;E14.29542;N49.84944;10;
2;CZE;Středočeský;Zaječov;;E13.84082;N49.77445;10;
2;CZE;Středočeský;Zájezd;;E14.22060;N50.16608;10;
2;CZE;Středočeský;Zákolany;;E14.24794;N50.19651;10;
2;CZE;Středočeský;Zalešany;;E15.00790;N50.03578;10;
2;CZE;Středočeský;Zálezlice;;E14.43825;N50.30755;10;
2;CZE;Středočeský;Zalužany;;E14.08583;N49.54235;10;
2;CZE;Středočeský;Záluží;;E13.86059;N49.84279;10;
2;CZE;Středočeský;Zápy;;E14.68015;N50.16510;10;
2;CZE;Středočeský;Záryby;;E14.62598;N50.22067;10;
2;CZE;Středočeský;Zásmuky;;E15.03068;N49.95480;10;
2;CZE;Středočeský;Zavidov;;E13.62040;N50.05679;10;
2;CZE;Středočeský;Zbečno;;E13.92046;N50.04190;10;
2;CZE;Středočeský;Zbenice;;E14.08915;N49.59226;10;
2;CZE;Středočeský;Zbizuby;;E15.04766;N49.83108;10;
2;CZE;Středočeský;Zbožíčko;;E14.93992;N50.22583;10;
2;CZE;Středočeský;Zbraslavice;;E15.18329;N49.81189;10;
2;CZE;Středočeský;Zbuzany;;E14.28685;N50.02427;10;
2;CZE;Středočeský;Zbýšov;;E15.35320;N49.81165;10;
2;CZE;Středočeský;Zdětín;;E14.81252;N50.31270;10;
2;CZE;Středočeský;Zdiby;;E14.45128;N50.16809;10;
2;CZE;Středočeský;Zdice;;E13.97757;N49.91217;10;
2;CZE;Středočeský;Zdislavice;;E14.97459;N49.68658;10;
2;CZE;Středočeský;Zduchovice;;E14.20904;N49.63868;10;
2;CZE;Středočeský;Zeleneč;;E14.66080;N50.13372;10;
2;CZE;Středočeský;Zichovec;;E13.92613;N50.27115;10;
2;CZE;Středočeský;Zlatá;;E14.71014;N50.04033;10;
2;CZE;Středočeský;Zlatníky-Hodkovice;;E14.48080;N49.96062;10;
2;CZE;Středočeský;Zlončice;;E14.35768;N50.22888;10;
2;CZE;Středočeský;Zlonice;;E14.09224;N50.28760;10;
2;CZE;Středočeský;Zlonín;;E14.50785;N50.21583;10;
2;CZE;Středočeský;Zlosyň;;E14.36871;N50.27804;10;
2;CZE;Středočeský;Zruč nad Sázavou;;E15.10616;N49.74020;10;
2;CZE;Středočeský;Zvánovice;;E14.78033;N49.93205;10;
2;CZE;Středočeský;Zvěřínek;;E15.00584;N50.15328;10;
2;CZE;Středočeský;Zvěstov;;E14.79222;N49.63276;10;
2;CZE;Středočeský;Zvole;;E14.41779;N49.93476;10;
2;CZE;Středočeský;Zvoleněves;;E14.18231;N50.23125;10;
2;CZE;Středočeský;Žabonosy;;E15.02731;N50.03546;10;
2;CZE;Středočeský;Žáky;;E15.36840;N49.88537;10;
2;CZE;Středočeský;Ždánice;;E14.95917;N49.96951;10;
2;CZE;Středočeský;Žďár;;E15.08044;N50.54376;10;
2;CZE;Středočeský;Žďár;;E13.45972;N50.05855;10;
2;CZE;Středočeský;Žebrák;;E13.89745;N49.87584;10;
2;CZE;Středočeský;Žehuň;;E15.29139;N50.13558;10;
2;CZE;Středočeský;Žehušice;;E15.40749;N49.96955;10;
2;CZE;Středočeský;Želenice;;E14.16461;N50.21048;10;
2;CZE;Středočeský;Železná;;E14.09104;N50.00980;10;
2;CZE;Středočeský;Želízy;;E14.46487;N50.42383;10;
2;CZE;Středočeský;Žerčice;;E15.03601;N50.37426;10;
2;CZE;Středočeský;Židněves;;E14.99463;N50.41173;10;
2;CZE;Středočeský;Žilina;;E14.00585;N50.09997;10;
2;CZE;Středočeský;Žitovlice;;E15.13709;N50.29407;10;
2;CZE;Středočeský;Žiželice;;E15.39330;N50.13201;10;
2;CZE;Středočeský;Žižice;;E14.15400;N50.24638;10;
2;CZE;Středočeský;Žleby;;E15.48863;N49.88968;10;
2;CZE;Středočeský;Županovice;;E14.29881;N49.70789;10;
1;CZE;Středočeský;;;E14.47449;N50.04646;8;
